date,ticker,close_price
2023-12-04,BGBL,55.46
2023-12-04,GGOV,14.03
2023-12-04,A123,119.00
2023-12-04,ETHI,12.71
2023-12-04,CYBR,10.35
2023-12-04,BBOZ,3.56
2023-12-04,NDQ,36.34
2023-12-04,GEAR,23.82
2023-12-04,AAA,50.10
2023-12-05,BGBL,55.68
2023-12-05,GGOV,14.09
2023-12-05,A123,117.86
2023-12-05,ETHI,12.76
2023-12-05,CYBR,10.53
2023-12-05,BBOZ,3.64
2023-12-05,NDQ,36.41
2023-12-05,GEAR,23.29
2023-12-05,AAA,50.11
2023-12-06,BGBL,56.05
2023-12-06,GGOV,14.28
2023-12-06,A123,120.10
2023-12-06,ETHI,12.85
2023-12-06,CYBR,10.61
2023-12-06,NDQ,36.76
2023-12-06,BBOZ,3.49
2023-12-06,GEAR,24.22
2023-12-06,AAA,50.11
2023-12-07,BGBL,56.04
2023-12-07,GGOV,14.42
2023-12-07,A123,119.75
2023-12-07,ETHI,12.89
2023-12-07,CYBR,10.57
2023-12-07,BBOZ,3.51
2023-12-07,NDQ,36.69
2023-12-07,GEAR,24.15
2023-12-07,AAA,50.12
2023-12-08,BGBL,55.71
2023-12-08,GGOV,14.40
2023-12-08,A123,120.20
2023-12-08,ETHI,12.78
2023-12-08,CYBR,10.46
2023-12-08,BBOZ,3.47
2023-12-08,NDQ,36.68
2023-12-08,GEAR,24.33
2023-12-08,AAA,50.12
2023-12-11,BGBL,56.44
2023-12-11,GGOV,14.28
2023-12-11,A123,120.23
2023-12-11,ETHI,12.96
2023-12-11,CYBR,10.62
2023-12-11,NDQ,37.11
2023-12-11,BBOZ,3.47
2023-12-11,GEAR,24.36
2023-12-11,AAA,50.15
2023-12-12,BGBL,56.40
2023-12-12,GGOV,14.30
2023-12-12,A123,120.87
2023-12-12,ETHI,12.96
2023-12-12,CYBR,10.75
2023-12-12,NDQ,37.36
2023-12-12,BBOZ,3.42
2023-12-12,GEAR,24.65
2023-12-12,AAA,50.15
2023-12-13,BGBL,56.88
2023-12-13,GGOV,14.33
2023-12-13,A123,121.31
2023-12-13,ETHI,13.13
2023-12-13,CYBR,10.92
2023-12-13,NDQ,37.89
2023-12-13,GEAR,24.81
2023-12-13,BBOZ,3.40
2023-12-13,AAA,50.16
2023-12-14,BGBL,56.56
2023-12-14,GGOV,14.70
2023-12-14,A123,123.33
2023-12-14,ETHI,13.04
2023-12-14,CYBR,10.88
2023-12-14,BBOZ,3.25
2023-12-14,NDQ,37.66
2023-12-14,GEAR,25.74
2023-12-14,AAA,50.16
2023-12-15,BGBL,56.61
2023-12-15,GGOV,14.90
2023-12-15,A123,124.25
2023-12-15,ETHI,13.08
2023-12-15,CYBR,10.86
2023-12-15,NDQ,37.43
2023-12-15,BBOZ,3.19
2023-12-15,GEAR,26.22
2023-12-15,AAA,50.17
2023-12-18,BGBL,56.49
2023-12-18,GGOV,15.04
2023-12-18,A123,124.06
2023-12-18,ETHI,13.08
2023-12-18,CYBR,10.96
2023-12-18,NDQ,37.61
2023-12-18,BBOZ,3.20
2023-12-18,GEAR,26.11
2023-12-18,AAA,50.18
2023-12-19,BGBL,56.59
2023-12-19,GGOV,14.95
2023-12-19,A123,125.15
2023-12-19,ETHI,13.06
2023-12-19,CYBR,11.00
2023-12-19,NDQ,37.72
2023-12-19,BBOZ,3.14
2023-12-19,GEAR,26.53
2023-12-19,AAA,50.19
2023-12-20,BGBL,56.60
2023-12-20,GGOV,15.01
2023-12-20,A123,125.93
2023-12-20,ETHI,13.05
2023-12-20,CYBR,11.01
2023-12-20,BBOZ,3.09
2023-12-20,NDQ,37.70
2023-12-20,GEAR,26.96
2023-12-20,AAA,50.20
2023-12-21,BGBL,56.12
2023-12-21,GGOV,15.09
2023-12-21,A123,125.34
2023-12-21,ETHI,12.90
2023-12-21,CYBR,10.90
2023-12-21,NDQ,37.39
2023-12-21,BBOZ,3.13
2023-12-21,GEAR,26.68
2023-12-21,AAA,50.21
2023-12-22,BGBL,56.17
2023-12-22,GGOV,14.95
2023-12-22,ETHI,12.90
2023-12-22,A123,125.31
2023-12-22,CYBR,10.84
2023-12-22,NDQ,37.38
2023-12-22,BBOZ,3.13
2023-12-22,GEAR,26.65
2023-12-22,AAA,50.21
2023-12-27,BGBL,56.26
2023-12-27,GGOV,14.98
2023-12-27,A123,126.35
2023-12-27,ETHI,12.90
2023-12-27,CYBR,10.89
2023-12-27,NDQ,37.45
2023-12-27,BBOZ,3.06
2023-12-27,GEAR,27.14
2023-12-27,AAA,50.24
2023-12-28,A123,127.42
2023-12-28,AAA,50.25
2023-12-28,BBOZ,3.01
2023-12-28,BGBL,56.41
2023-12-28,ETHI,12.98
2023-12-28,GEAR,27.63
2023-12-28,GGOV,15.17
2023-12-28,CYBR,10.90
2023-12-28,NDQ,37.54
2023-12-29,A123,126.93
2023-12-29,AAA,50.26
2023-12-29,BBOZ,3.04
2023-12-29,BGBL,56.37
2023-12-29,ETHI,12.98
2023-12-29,GEAR,27.38
2023-12-29,GGOV,15.08
2023-12-29,CYBR,10.83
2023-12-29,NDQ,37.48
2024-01-02,A123,126.56
2024-01-02,AAA,50.10
2024-01-02,BBOZ,3.00
2024-01-02,BGBL,56.27
2024-01-02,ETHI,12.93
2024-01-02,GEAR,27.11
2024-01-02,GGOV,14.79
2024-01-02,CYBR,10.82
2024-01-02,NDQ,37.37
2024-01-03,A123,124.78
2024-01-03,AAA,50.11
2024-01-03,BBOZ,3.12
2024-01-03,BGBL,56.29
2024-01-03,ETHI,12.91
2024-01-03,GEAR,26.29
2024-01-03,GGOV,14.75
2024-01-03,CYBR,10.65
2024-01-03,NDQ,37.03
2024-01-04,A123,124.34
2024-01-04,AAA,50.12
2024-01-04,BBOZ,3.14
2024-01-04,BGBL,56.10
2024-01-04,ETHI,12.83
2024-01-04,GEAR,26.08
2024-01-04,GGOV,14.78
2024-01-04,CYBR,10.53
2024-01-04,NDQ,36.85
2024-01-05,A123,124.24
2024-01-05,AAA,50.12
2024-01-05,BBOZ,3.15
2024-01-05,BGBL,56.36
2024-01-05,ETHI,12.89
2024-01-05,GEAR,25.98
2024-01-05,GGOV,14.61
2024-01-05,CYBR,10.56
2024-01-05,NDQ,36.87
2024-01-08,A123,123.62
2024-01-08,AAA,50.14
2024-01-08,BBOZ,3.20
2024-01-08,BGBL,56.32
2024-01-08,ETHI,12.92
2024-01-08,GEAR,25.69
2024-01-08,GGOV,14.43
2024-01-08,CYBR,10.50
2024-01-08,NDQ,36.87
2024-01-09,A123,124.80
2024-01-09,AAA,50.15
2024-01-09,BBOZ,3.13
2024-01-09,BGBL,56.93
2024-01-09,ETHI,13.11
2024-01-09,GEAR,26.24
2024-01-09,GGOV,14.54
2024-01-09,CYBR,10.75
2024-01-09,NDQ,37.53
2024-01-10,A123,123.93
2024-01-10,AAA,50.15
2024-01-10,BBOZ,3.18
2024-01-10,BGBL,56.94
2024-01-10,ETHI,13.15
2024-01-10,GEAR,25.82
2024-01-10,GGOV,14.50
2024-01-10,CYBR,10.91
2024-01-10,NDQ,37.69
2024-01-11,A123,124.63
2024-01-11,AAA,50.16
2024-01-11,BBOZ,3.13
2024-01-11,BGBL,57.33
2024-01-11,ETHI,13.25
2024-01-11,GEAR,26.13
2024-01-11,GGOV,14.47
2024-01-11,CYBR,11.07
2024-01-11,NDQ,38.00
2024-01-12,A123,124.27
2024-01-12,AAA,50.16
2024-01-12,BBOZ,3.16
2024-01-12,BGBL,57.27
2024-01-12,ETHI,13.27
2024-01-12,GEAR,25.99
2024-01-12,GGOV,14.55
2024-01-12,CYBR,11.19
2024-01-12,NDQ,37.97
2024-01-15,A123,124.50
2024-01-15,AAA,50.17
2024-01-15,BBOZ,3.15
2024-01-15,BGBL,57.51
2024-01-15,ETHI,13.28
2024-01-15,GEAR,26.04
2024-01-15,GGOV,14.50
2024-01-15,CYBR,11.34
2024-01-15,NDQ,38.16
2024-01-16,A123,123.07
2024-01-16,AAA,50.19
2024-01-16,BBOZ,3.24
2024-01-16,BGBL,57.75
2024-01-16,ETHI,13.35
2024-01-16,GEAR,25.36
2024-01-16,GGOV,14.38
2024-01-16,CYBR,11.33
2024-01-16,NDQ,38.37
2024-01-17,A123,122.67
2024-01-17,AAA,50.19
2024-01-17,BBOZ,3.26
2024-01-17,BGBL,57.99
2024-01-17,ETHI,13.45
2024-01-17,GEAR,25.17
2024-01-17,GGOV,14.21
2024-01-17,CYBR,11.43
2024-01-17,NDQ,38.73
2024-01-18,A123,121.95
2024-01-18,AAA,50.19
2024-01-18,BBOZ,3.32
2024-01-18,BGBL,57.76
2024-01-18,ETHI,13.44
2024-01-18,GEAR,24.82
2024-01-18,GGOV,14.19
2024-01-18,CYBR,11.40
2024-01-18,NDQ,38.67
2024-01-19,A123,123.23
2024-01-19,AAA,50.20
2024-01-19,BBOZ,3.24
2024-01-19,BGBL,58.08
2024-01-19,ETHI,13.53
2024-01-19,GEAR,25.41
2024-01-19,GGOV,14.00
2024-01-19,CYBR,11.51
2024-01-19,NDQ,39.26
2024-01-22,A123,124.05
2024-01-22,AAA,50.23
2024-01-22,BBOZ,3.19
2024-01-22,BGBL,58.73
2024-01-22,ETHI,13.72
2024-01-22,GEAR,25.80
2024-01-22,GGOV,14.19
2024-01-22,CYBR,11.62
2024-01-22,NDQ,40.04
2024-01-23,A123,124.78
2024-01-23,AAA,50.22
2024-01-23,BBOZ,3.15
2024-01-23,BGBL,58.70
2024-01-23,ETHI,13.70
2024-01-23,GEAR,26.10
2024-01-23,GGOV,14.18
2024-01-23,CYBR,11.74
2024-01-23,NDQ,39.83
2024-01-24,A123,124.86
2024-01-24,AAA,50.23
2024-01-24,BBOZ,3.15
2024-01-24,BGBL,59.10
2024-01-24,ETHI,13.77
2024-01-24,GEAR,26.15
2024-01-24,GGOV,14.09
2024-01-24,CYBR,11.78
2024-01-24,NDQ,40.31
2024-01-25,A123,125.47
2024-01-25,AAA,50.25
2024-01-25,BBOZ,3.11
2024-01-25,BGBL,59.07
2024-01-25,ETHI,13.80
2024-01-25,GEAR,26.40
2024-01-25,GGOV,14.04
2024-01-25,CYBR,11.76
2024-01-25,NDQ,40.31
2024-01-29,A123,125.84
2024-01-29,AAA,50.27
2024-01-29,BBOZ,3.09
2024-01-29,BGBL,59.21
2024-01-29,ETHI,13.78
2024-01-29,GEAR,26.55
2024-01-29,GGOV,14.10
2024-01-29,CYBR,11.71
2024-01-29,NDQ,40.06
2024-01-30,A123,126.22
2024-01-30,AAA,50.27
2024-01-30,BBOZ,3.07
2024-01-30,BGBL,59.55
2024-01-30,ETHI,13.90
2024-01-30,GEAR,26.72
2024-01-30,GGOV,14.32
2024-01-30,CYBR,11.94
2024-01-30,NDQ,40.35
2024-01-31,A123,127.46
2024-01-31,AAA,50.27
2024-01-31,BBOZ,2.99
2024-01-31,BGBL,59.66
2024-01-31,ETHI,13.96
2024-01-31,GEAR,27.34
2024-01-31,GGOV,14.44
2024-01-31,CYBR,11.91
2024-01-31,NDQ,39.99
2024-02-01,A123,125.98
2024-02-01,AAA,50.09
2024-02-01,BBOZ,3.08
2024-02-01,BGBL,59.43
2024-02-01,ETHI,13.93
2024-02-01,GEAR,26.62
2024-02-01,GGOV,14.57
2024-02-01,CYBR,11.77
2024-02-01,NDQ,39.85
2024-02-02,A123,127.79
2024-02-02,AAA,50.09
2024-02-02,BBOZ,2.97
2024-02-02,BGBL,59.77
2024-02-02,ETHI,13.95
2024-02-02,GEAR,27.48
2024-02-02,GGOV,14.71
2024-02-02,CYBR,11.78
2024-02-02,NDQ,40.26
2024-02-05,A123,126.59
2024-02-05,AAA,50.11
2024-02-05,BBOZ,3.04
2024-02-05,BGBL,60.46
2024-02-05,ETHI,14.09
2024-02-05,GEAR,26.89
2024-02-05,GGOV,14.40
2024-02-05,CYBR,11.85
2024-02-05,NDQ,41.00
2024-02-06,A123,125.88
2024-02-06,AAA,50.12
2024-02-06,BBOZ,3.09
2024-02-06,BGBL,60.35
2024-02-06,ETHI,14.16
2024-02-06,GEAR,26.54
2024-02-06,GGOV,14.21
2024-02-06,CYBR,11.81
2024-02-06,NDQ,41.05
2024-02-07,A123,126.43
2024-02-07,AAA,50.12
2024-02-07,BBOZ,3.05
2024-02-07,BGBL,60.43
2024-02-07,ETHI,14.17
2024-02-07,GEAR,26.84
2024-02-07,GGOV,14.33
2024-02-07,CYBR,11.98
2024-02-07,NDQ,40.78
2024-02-08,A123,126.88
2024-02-08,AAA,50.12
2024-02-08,BBOZ,3.04
2024-02-08,BGBL,60.90
2024-02-08,ETHI,14.31
2024-02-08,GEAR,26.99
2024-02-08,GGOV,14.26
2024-02-08,CYBR,12.03
2024-02-08,NDQ,41.29
2024-02-09,A123,126.95
2024-02-09,AAA,50.14
2024-02-09,BBOZ,3.03
2024-02-09,BGBL,61.07
2024-02-09,ETHI,14.37
2024-02-09,GEAR,27.02
2024-02-09,GGOV,14.17
2024-02-09,CYBR,12.39
2024-02-09,NDQ,41.53
2024-02-12,A123,126.41
2024-02-12,AAA,50.15
2024-02-12,BBOZ,3.07
2024-02-12,BGBL,61.20
2024-02-12,ETHI,14.44
2024-02-12,GEAR,26.73
2024-02-12,GGOV,14.14
2024-02-12,CYBR,12.48
2024-02-12,NDQ,41.73
2024-02-13,A123,126.26
2024-02-13,AAA,50.16
2024-02-13,BBOZ,3.07
2024-02-13,BGBL,61.14
2024-02-13,ETHI,14.46
2024-02-13,GEAR,26.69
2024-02-13,GGOV,14.08
2024-02-13,CYBR,12.33
2024-02-13,NDQ,41.52
2024-02-14,A123,125.31
2024-02-14,AAA,50.17
2024-02-14,BBOZ,3.14
2024-02-14,BGBL,60.82
2024-02-14,ETHI,14.39
2024-02-14,GEAR,26.21
2024-02-14,GGOV,13.88
2024-02-14,CYBR,12.26
2024-02-14,NDQ,41.30
2024-02-15,A123,126.21
2024-02-15,AAA,50.17
2024-02-15,BBOZ,3.07
2024-02-15,BGBL,61.25
2024-02-15,ETHI,14.51
2024-02-15,GEAR,26.68
2024-02-15,GGOV,14.03
2024-02-15,CYBR,12.42
2024-02-15,NDQ,41.62
2024-02-16,A123,127.14
2024-02-16,AAA,50.18
2024-02-16,BBOZ,3.03
2024-02-16,BGBL,61.46
2024-02-16,ETHI,14.56
2024-02-16,GEAR,27.09
2024-02-16,GGOV,13.99
2024-02-16,CYBR,12.21
2024-02-16,NDQ,41.57
2024-02-19,A123,127.22
2024-02-19,AAA,50.19
2024-02-19,BBOZ,3.02
2024-02-19,BGBL,61.02
2024-02-19,ETHI,14.42
2024-02-19,GEAR,27.13
2024-02-19,GGOV,13.98
2024-02-19,CYBR,12.14
2024-02-19,NDQ,41.03
2024-02-20,A123,127.26
2024-02-20,AAA,50.20
2024-02-20,BBOZ,3.02
2024-02-20,BGBL,60.95
2024-02-20,ETHI,14.39
2024-02-20,GEAR,27.12
2024-02-20,GGOV,13.92
2024-02-20,CYBR,12.10
2024-02-20,NDQ,40.92
2024-02-21,A123,126.58
2024-02-21,AAA,50.20
2024-02-21,BBOZ,3.07
2024-02-21,BGBL,60.53
2024-02-21,ETHI,14.20
2024-02-21,GEAR,26.80
2024-02-21,GGOV,13.98
2024-02-21,CYBR,11.58
2024-02-21,NDQ,40.38
2024-02-22,A123,126.75
2024-02-22,AAA,50.21
2024-02-22,BBOZ,3.06
2024-02-22,BGBL,61.16
2024-02-22,ETHI,14.38
2024-02-22,GEAR,26.86
2024-02-22,GGOV,13.90
2024-02-22,CYBR,11.55
2024-02-22,NDQ,41.03
2024-02-23,A123,127.23
2024-02-23,AAA,50.22
2024-02-23,BBOZ,3.04
2024-02-23,BGBL,61.74
2024-02-23,ETHI,14.58
2024-02-23,GEAR,27.09
2024-02-23,GGOV,13.93
2024-02-23,CYBR,11.67
2024-02-23,NDQ,41.54
2024-02-26,A123,127.46
2024-02-26,AAA,50.24
2024-02-26,BBOZ,3.02
2024-02-26,BGBL,61.73
2024-02-26,ETHI,14.59
2024-02-26,GEAR,27.18
2024-02-26,GGOV,14.18
2024-02-26,CYBR,11.73
2024-02-26,NDQ,41.39
2024-02-27,A123,127.72
2024-02-27,AAA,50.24
2024-02-27,BBOZ,3.02
2024-02-27,BGBL,61.81
2024-02-27,ETHI,14.62
2024-02-27,GEAR,27.29
2024-02-27,GGOV,14.09
2024-02-27,CYBR,11.94
2024-02-27,NDQ,41.47
2024-02-28,A123,127.85
2024-02-28,AAA,50.24
2024-02-28,BBOZ,3.01
2024-02-28,BGBL,62.16
2024-02-28,ETHI,14.75
2024-02-28,GEAR,27.32
2024-02-28,GGOV,14.01
2024-02-28,CYBR,12.01
2024-02-28,NDQ,41.77
2024-02-29,A123,128.43
2024-02-29,AAA,50.25
2024-02-29,BBOZ,2.97
2024-02-29,BGBL,62.05
2024-02-29,ETHI,14.71
2024-02-29,GEAR,27.64
2024-02-29,GGOV,14.02
2024-02-29,CYBR,12.12
2024-02-29,NDQ,41.59
2024-03-01,A123,129.33
2024-03-01,AAA,50.09
2024-03-01,BBOZ,2.91
2024-03-01,BGBL,62.53
2024-03-01,ETHI,14.80
2024-03-01,GEAR,28.03
2024-03-01,GGOV,14.15
2024-03-01,CYBR,12.12
2024-03-01,NDQ,42.13
2024-03-04,A123,129.19
2024-03-04,AAA,50.10
2024-03-04,BBOZ,2.93
2024-03-04,BGBL,62.75
2024-03-04,ETHI,14.89
2024-03-04,GEAR,27.95
2024-03-04,GGOV,14.23
2024-03-04,CYBR,12.16
2024-03-04,NDQ,42.61
2024-03-05,A123,129.09
2024-03-05,AAA,50.11
2024-03-05,BBOZ,2.94
2024-03-05,BGBL,62.76
2024-03-05,ETHI,14.92
2024-03-05,GEAR,27.92
2024-03-05,GGOV,14.18
2024-03-05,CYBR,12.18
2024-03-05,NDQ,42.38
2024-03-06,A123,129.37
2024-03-06,AAA,50.12
2024-03-06,BBOZ,2.93
2024-03-06,BGBL,62.33
2024-03-06,ETHI,14.85
2024-03-06,GEAR,28.00
2024-03-06,GGOV,14.34
2024-03-06,CYBR,12.23
2024-03-06,NDQ,41.77
2024-03-07,A123,130.36
2024-03-07,AAA,50.12
2024-03-07,BBOZ,2.87
2024-03-07,BGBL,61.85
2024-03-07,ETHI,14.78
2024-03-07,GEAR,28.46
2024-03-07,GGOV,14.46
2024-03-07,CYBR,11.86
2024-03-07,NDQ,41.35
2024-03-08,A123,131.72
2024-03-08,AAA,50.12
2024-03-08,BBOZ,2.79
2024-03-08,BGBL,62.27
2024-03-08,ETHI,14.86
2024-03-08,GEAR,29.08
2024-03-08,GGOV,14.48
2024-03-08,CYBR,11.98
2024-03-08,NDQ,41.79
2024-03-11,A123,129.41
2024-03-11,AAA,50.15
2024-03-11,BBOZ,2.93
2024-03-11,BGBL,61.88
2024-03-11,ETHI,14.69
2024-03-11,GEAR,27.99
2024-03-11,GGOV,14.48
2024-03-11,CYBR,11.86
2024-03-11,NDQ,41.19
2024-03-12,A123,129.46
2024-03-12,AAA,50.14
2024-03-12,BBOZ,2.92
2024-03-12,BGBL,62.04
2024-03-12,ETHI,14.74
2024-03-12,GEAR,28.03
2024-03-12,GGOV,14.46
2024-03-12,CYBR,12.00
2024-03-12,NDQ,41.41
2024-03-13,A123,129.80
2024-03-13,AAA,50.16
2024-03-13,BBOZ,2.90
2024-03-13,BGBL,62.44
2024-03-13,ETHI,14.89
2024-03-13,GEAR,28.19
2024-03-13,GGOV,14.30
2024-03-13,CYBR,11.98
2024-03-13,NDQ,41.77
2024-03-14,A123,129.56
2024-03-14,AAA,50.16
2024-03-14,BBOZ,2.92
2024-03-14,BGBL,62.48
2024-03-14,ETHI,14.85
2024-03-14,GEAR,28.05
2024-03-14,GGOV,14.22
2024-03-14,CYBR,11.99
2024-03-14,NDQ,41.56
2024-03-15,A123,128.76
2024-03-15,AAA,50.17
2024-03-15,BBOZ,2.97
2024-03-15,BGBL,62.66
2024-03-15,ETHI,14.78
2024-03-15,GEAR,27.67
2024-03-15,GGOV,14.05
2024-03-15,CYBR,11.96
2024-03-15,NDQ,41.52
2024-03-18,A123,129.01
2024-03-18,AAA,50.19
2024-03-18,BBOZ,2.95
2024-03-18,BGBL,62.55
2024-03-18,ETHI,14.79
2024-03-18,GEAR,27.78
2024-03-18,GGOV,14.02
2024-03-18,CYBR,11.81
2024-03-18,NDQ,41.33
2024-03-19,A123,129.45
2024-03-19,AAA,50.20
2024-03-19,BBOZ,2.92
2024-03-19,BGBL,62.93
2024-03-19,ETHI,14.88
2024-03-19,GEAR,27.96
2024-03-19,CYBR,11.79
2024-03-19,NDQ,41.65
2024-03-19,GGOV,14.00
2024-03-20,A123,129.26
2024-03-20,AAA,50.19
2024-03-20,BBOZ,2.94
2024-03-20,BGBL,63.25
2024-03-20,ETHI,14.94
2024-03-20,GEAR,27.88
2024-03-20,GGOV,14.01
2024-03-20,CYBR,11.73
2024-03-20,NDQ,41.80
2024-03-21,A123,130.83
2024-03-21,AAA,50.21
2024-03-21,BBOZ,2.86
2024-03-21,BGBL,63.28
2024-03-21,ETHI,14.98
2024-03-21,GEAR,28.60
2024-03-21,GGOV,14.02
2024-03-21,CYBR,11.77
2024-03-21,NDQ,42.06
2024-03-22,A123,130.50
2024-03-22,AAA,50.21
2024-03-22,BBOZ,2.87
2024-03-22,BGBL,64.05
2024-03-22,ETHI,15.22
2024-03-22,GEAR,28.44
2024-03-22,GGOV,14.11
2024-03-22,CYBR,11.97
2024-03-22,NDQ,42.60
2024-03-25,A123,131.34
2024-03-25,AAA,50.23
2024-03-25,BBOZ,2.84
2024-03-25,BGBL,63.88
2024-03-25,ETHI,15.15
2024-03-25,GEAR,28.83
2024-03-25,GGOV,14.16
2024-03-25,HACK,11.83
2024-03-25,NDQ,42.59
2024-03-26,A123,130.89
2024-03-26,AAA,50.24
2024-03-26,BBOZ,2.86
2024-03-26,BGBL,63.67
2024-03-26,ETHI,15.13
2024-03-26,GEAR,28.54
2024-03-26,GGOV,14.11
2024-03-26,HACK,11.78
2024-03-26,NDQ,42.45
2024-03-27,A123,131.46
2024-03-27,AAA,50.25
2024-03-27,BBOZ,2.83
2024-03-27,BGBL,63.92
2024-03-27,ETHI,15.16
2024-03-27,GEAR,28.83
2024-03-27,GGOV,14.12
2024-03-27,HACK,11.87
2024-03-27,NDQ,42.49
2024-03-28,A123,132.74
2024-03-28,AAA,50.26
2024-03-28,BBOZ,2.77
2024-03-28,BGBL,64.10
2024-03-28,ETHI,15.15
2024-03-28,GEAR,29.44
2024-03-28,GGOV,14.22
2024-03-28,HACK,11.78
2024-03-28,NDQ,42.48
2024-04-02,A123,131.46
2024-04-02,AAA,50.10
2024-04-02,BBOZ,2.77
2024-04-02,BGBL,64.17
2024-04-02,ETHI,15.11
2024-04-02,GEAR,29.33
2024-04-02,GGOV,13.92
2024-04-02,HACK,11.90
2024-04-02,NDQ,42.68
2024-04-03,A123,129.78
2024-04-03,AAA,50.11
2024-04-03,BBOZ,2.87
2024-04-03,BGBL,63.49
2024-04-03,ETHI,14.85
2024-04-03,GEAR,28.48
2024-04-03,GGOV,13.83
2024-04-03,HACK,11.72
2024-04-03,NDQ,42.09
2024-04-04,A123,130.41
2024-04-04,AAA,50.12
2024-04-04,BBOZ,2.84
2024-04-04,BGBL,63.33
2024-04-04,ETHI,14.80
2024-04-04,GEAR,28.80
2024-04-04,GGOV,13.78
2024-04-04,HACK,11.70
2024-04-04,NDQ,42.02
2024-04-05,A123,129.59
2024-04-05,AAA,50.13
2024-04-05,BBOZ,2.88
2024-04-05,BGBL,62.50
2024-04-05,ETHI,14.58
2024-04-05,GEAR,28.43
2024-04-05,GGOV,13.90
2024-04-05,HACK,11.51
2024-04-05,NDQ,41.34
2024-04-08,A123,129.90
2024-04-08,AAA,50.15
2024-04-08,BBOZ,2.87
2024-04-08,BGBL,62.99
2024-04-08,ETHI,14.68
2024-04-08,GEAR,28.55
2024-04-08,GGOV,13.67
2024-04-08,HACK,11.61
2024-04-08,NDQ,41.71
2024-04-09,A123,130.47
2024-04-09,AAA,50.14
2024-04-09,BBOZ,2.84
2024-04-09,BGBL,62.91
2024-04-09,ETHI,14.66
2024-04-09,GEAR,28.80
2024-04-09,GGOV,13.74
2024-04-09,HACK,11.59
2024-04-09,NDQ,41.57
2024-04-10,A123,130.90
2024-04-10,AAA,50.16
2024-04-10,BBOZ,2.82
2024-04-10,BGBL,62.85
2024-04-10,ETHI,14.62
2024-04-10,GEAR,28.97
2024-04-10,GGOV,13.86
2024-04-10,HACK,11.61
2024-04-10,NDQ,41.66
2024-04-11,A123,130.20
2024-04-11,AAA,50.16
2024-04-11,BBOZ,2.86
2024-04-11,BGBL,63.14
2024-04-11,ETHI,14.65
2024-04-11,GEAR,28.68
2024-04-11,GGOV,13.56
2024-04-11,HACK,11.65
2024-04-11,NDQ,41.90
2024-04-12,A123,129.80
2024-04-12,AAA,50.17
2024-04-12,BBOZ,2.88
2024-04-12,BGBL,63.40
2024-04-12,ETHI,14.73
2024-04-12,GEAR,28.50
2024-04-12,GGOV,13.50
2024-04-12,HACK,11.76
2024-04-12,NDQ,42.57
2024-04-15,A123,129.25
2024-04-15,AAA,50.18
2024-04-15,BBOZ,2.92
2024-04-15,BGBL,63.11
2024-04-15,ETHI,14.65
2024-04-15,GEAR,28.23
2024-04-15,GGOV,13.48
2024-04-15,HACK,11.67
2024-04-15,NDQ,42.27
2024-04-16,A123,126.98
2024-04-16,AAA,50.19
2024-04-16,BBOZ,3.03
2024-04-16,BGBL,62.65
2024-04-16,ETHI,14.53
2024-04-16,GEAR,27.13
2024-04-16,GGOV,13.33
2024-04-16,HACK,11.40
2024-04-16,NDQ,41.77
2024-04-17,A123,126.87
2024-04-17,AAA,50.20
2024-04-17,BBOZ,3.04
2024-04-17,BGBL,62.48
2024-04-17,ETHI,14.52
2024-04-17,GEAR,27.12
2024-04-17,GGOV,13.25
2024-04-17,HACK,11.42
2024-04-17,NDQ,41.75
2024-04-18,A123,127.45
2024-04-18,AAA,50.21
2024-04-18,BBOZ,3.02
2024-04-18,BGBL,62.35
2024-04-18,ETHI,14.43
2024-04-18,GEAR,27.33
2024-04-18,GGOV,13.43
2024-04-18,HACK,11.34
2024-04-18,NDQ,41.36
2024-04-19,A123,126.17
2024-04-19,AAA,50.22
2024-04-19,BBOZ,3.09
2024-04-19,BGBL,61.92
2024-04-19,ETHI,14.28
2024-04-19,GEAR,26.73
2024-04-19,GGOV,13.48
2024-04-19,HACK,11.26
2024-04-19,NDQ,40.84
2024-04-22,A123,127.53
2024-04-22,AAA,50.22
2024-04-22,BBOZ,3.01
2024-04-22,BGBL,62.00
2024-04-22,ETHI,14.26
2024-04-22,GEAR,27.35
2024-04-22,GGOV,13.30
2024-04-22,HACK,11.31
2024-04-22,NDQ,40.42
2024-04-23,A123,128.15
2024-04-23,AAA,50.24
2024-04-23,BBOZ,2.98
2024-04-23,BGBL,62.10
2024-04-23,ETHI,14.31
2024-04-23,GEAR,27.60
2024-04-23,GGOV,13.36
2024-04-23,HACK,11.31
2024-04-23,NDQ,40.39
2024-04-24,A123,128.18
2024-04-24,AAA,50.24
2024-04-24,BBOZ,2.98
2024-04-24,BGBL,62.50
2024-04-24,ETHI,14.48
2024-04-24,GEAR,27.63
2024-04-24,GGOV,13.32
2024-04-24,HACK,11.46
2024-04-24,NDQ,40.95
2024-04-26,A123,126.39
2024-04-26,AAA,50.25
2024-04-26,BBOZ,3.08
2024-04-26,BGBL,62.25
2024-04-26,ETHI,14.30
2024-04-26,GEAR,26.78
2024-04-26,GGOV,13.23
2024-04-26,HACK,11.38
2024-04-26,NDQ,40.91
2024-04-29,A123,127.35
2024-04-29,AAA,50.26
2024-04-29,BBOZ,3.03
2024-04-29,BGBL,62.28
2024-04-29,ETHI,14.43
2024-04-29,GEAR,27.25
2024-04-29,GGOV,13.27
2024-04-29,HACK,11.54
2024-04-29,NDQ,41.05
2024-04-30,A123,127.82
2024-04-30,AAA,50.27
2024-04-30,BBOZ,3.01
2024-04-30,BGBL,62.55
2024-04-30,ETHI,14.49
2024-04-30,GEAR,27.43
2024-04-30,GGOV,13.36
2024-04-30,HACK,11.55
2024-04-30,NDQ,41.35
2024-05-01,A123,126.27
2024-05-01,AAA,50.09
2024-05-01,BBOZ,3.09
2024-05-01,BGBL,62.11
2024-05-01,ETHI,14.34
2024-05-01,GEAR,26.73
2024-05-01,GGOV,13.22
2024-05-01,HACK,11.46
2024-05-01,NDQ,40.70
2024-05-02,A123,126.57
2024-05-02,AAA,50.08
2024-05-02,BBOZ,3.07
2024-05-02,BGBL,61.82
2024-05-02,ETHI,14.26
2024-05-02,GEAR,26.86
2024-05-02,GGOV,13.35
2024-05-02,HACK,11.44
2024-05-02,NDQ,40.42
2024-05-03,A123,127.28
2024-05-03,AAA,50.09
2024-05-03,BBOZ,3.03
2024-05-03,BGBL,61.85
2024-05-03,ETHI,14.24
2024-05-03,GEAR,27.17
2024-05-03,GGOV,13.38
2024-05-03,HACK,11.23
2024-05-03,NDQ,40.68
2024-05-06,A123,128.11
2024-05-06,AAA,50.12
2024-05-06,BBOZ,3.00
2024-05-06,BGBL,62.00
2024-05-06,ETHI,14.31
2024-05-06,GEAR,27.56
2024-05-06,GGOV,13.50
2024-05-06,HACK,11.25
2024-05-06,NDQ,41.00
2024-05-07,A123,130.11
2024-05-07,AAA,50.11
2024-05-07,BBOZ,2.90
2024-05-07,BGBL,62.80
2024-05-07,ETHI,14.51
2024-05-07,GEAR,28.46
2024-05-07,GGOV,13.60
2024-05-07,HACK,11.41
2024-05-07,NDQ,41.60
2024-05-08,A123,130.18
2024-05-08,AAA,50.12
2024-05-08,BBOZ,2.88
2024-05-08,BGBL,62.96
2024-05-08,ETHI,14.56
2024-05-08,GEAR,28.54
2024-05-08,GGOV,13.62
2024-05-08,HACK,11.43
2024-05-08,NDQ,41.68
2024-05-09,A123,129.06
2024-05-09,AAA,50.14
2024-05-09,BBOZ,2.96
2024-05-09,BGBL,62.93
2024-05-09,ETHI,14.52
2024-05-09,GEAR,27.99
2024-05-09,GGOV,13.55
2024-05-09,HACK,11.34
2024-05-09,NDQ,41.62
2024-05-10,A123,129.52
2024-05-10,AAA,50.14
2024-05-10,BBOZ,2.92
2024-05-10,BGBL,63.10
2024-05-10,ETHI,14.52
2024-05-10,GEAR,28.19
2024-05-10,GGOV,13.62
2024-05-10,HACK,11.31
2024-05-10,NDQ,41.56
2024-05-13,A123,129.69
2024-05-13,AAA,50.15
2024-05-13,BBOZ,2.92
2024-05-13,BGBL,63.37
2024-05-13,ETHI,14.62
2024-05-13,GEAR,28.29
2024-05-13,GGOV,13.56
2024-05-13,HACK,11.39
2024-05-13,NDQ,41.81
2024-05-14,A123,129.34
2024-05-14,AAA,50.16
2024-05-14,BBOZ,2.94
2024-05-14,BGBL,63.27
2024-05-14,ETHI,14.61
2024-05-14,GEAR,28.07
2024-05-14,GGOV,13.61
2024-05-14,HACK,11.43
2024-05-14,NDQ,41.77
2024-05-15,A200,129.87
2024-05-15,AAA,50.17
2024-05-15,BBOZ,2.92
2024-05-15,BGBL,63.23
2024-05-15,ETHI,14.54
2024-05-15,GEAR,28.31
2024-05-15,GGOV,13.71
2024-05-15,HACK,11.46
2024-05-15,NDQ,41.80
2024-05-16,A200,131.97
2024-05-16,AAA,50.18
2024-05-16,BBOZ,2.80
2024-05-16,BGBL,63.66
2024-05-16,ETHI,14.72
2024-05-16,GEAR,29.30
2024-05-16,GGOV,13.91
2024-05-16,HACK,11.60
2024-05-16,NDQ,42.28
2024-05-17,A200,130.74
2024-05-17,AAA,50.19
2024-05-17,BBOZ,2.86
2024-05-17,BGBL,63.48
2024-05-17,ETHI,14.70
2024-05-17,GEAR,28.75
2024-05-17,GGOV,13.84
2024-05-17,HACK,11.55
2024-05-17,NDQ,42.23
2024-05-20,A200,131.67
2024-05-20,AAA,50.19
2024-05-20,BBOZ,2.83
2024-05-20,BGBL,63.43
2024-05-20,ETHI,14.66
2024-05-20,GEAR,29.13
2024-05-20,GGOV,13.72
2024-05-20,HACK,11.47
2024-05-20,NDQ,42.04
2024-05-21,A200,131.45
2024-05-21,AAA,50.21
2024-05-21,BBOZ,2.83
2024-05-21,BGBL,63.77
2024-05-21,ETHI,14.76
2024-05-21,GEAR,29.02
2024-05-21,GGOV,13.69
2024-05-21,HACK,11.47
2024-05-21,NDQ,42.51
2024-05-22,A200,131.41
2024-05-22,AAA,50.21
2024-05-22,BBOZ,2.84
2024-05-22,BGBL,63.73
2024-05-22,ETHI,14.71
2024-05-22,GEAR,28.99
2024-05-22,GGOV,13.74
2024-05-22,HACK,11.51
2024-05-22,NDQ,42.57
2024-05-23,A200,130.78
2024-05-23,AAA,50.21
2024-05-23,BBOZ,2.87
2024-05-23,BGBL,64.17
2024-05-23,ETHI,14.85
2024-05-23,GEAR,28.72
2024-05-23,GGOV,13.79
2024-05-23,HACK,11.63
2024-05-23,NDQ,43.20
2024-05-24,A200,129.44
2024-05-24,AAA,50.22
2024-05-24,BBOZ,2.95
2024-05-24,BGBL,63.70
2024-05-24,ETHI,14.70
2024-05-24,GEAR,28.07
2024-05-24,GGOV,13.69
2024-05-24,HACK,11.52
2024-05-24,NDQ,42.80
2024-05-27,A200,130.53
2024-05-27,AAA,50.23
2024-05-27,BBOZ,2.89
2024-05-27,BGBL,63.82
2024-05-27,ETHI,14.68
2024-05-27,GEAR,28.50
2024-05-27,GGOV,13.74
2024-05-27,HACK,11.54
2024-05-27,NDQ,42.96
2024-05-28,A200,130.11
2024-05-28,AAA,50.25
2024-05-28,BBOZ,2.92
2024-05-28,BGBL,63.69
2024-05-28,ETHI,14.67
2024-05-28,GEAR,28.41
2024-05-28,GGOV,13.73
2024-05-28,HACK,11.49
2024-05-28,NDQ,42.87
2024-05-29,A200,128.40
2024-05-29,AAA,50.25
2024-05-29,BBOZ,3.00
2024-05-29,BGBL,63.42
2024-05-29,ETHI,14.58
2024-05-29,GEAR,27.56
2024-05-29,GGOV,13.50
2024-05-29,HACK,11.33
2024-05-29,NDQ,42.87
2024-05-30,A200,127.64
2024-05-30,AAA,50.25
2024-05-30,BGBL,63.26
2024-05-30,ETHI,14.55
2024-05-30,GEAR,27.18
2024-05-30,GGOV,13.40
2024-05-30,HACK,11.33
2024-05-30,NDQ,42.78
2024-05-30,BBOZ,30.46
2024-05-31,A200,128.99
2024-05-31,AAA,50.26
2024-05-31,BGBL,63.00
2024-05-31,ETHI,14.45
2024-05-31,GEAR,27.81
2024-05-31,GGOV,13.49
2024-05-31,HACK,11.05
2024-05-31,NDQ,42.26
2024-05-31,BBOZ,29.77
2024-06-03,A200,130.02
2024-06-04,A200,129.73
2024-06-03,AAA,50.10
2024-06-04,AAA,50.11
2024-06-03,BGBL,63.69
2024-06-04,BGBL,63.39
2024-06-03,GGOV,13.62
2024-06-04,GGOV,13.79
2024-06-03,ETHI,14.66
2024-06-04,ETHI,14.50
2024-06-03,BBOZ,29.27
2024-06-04,BBOZ,29.49
2024-06-03,GEAR,28.26
2024-06-04,GEAR,28.08
2024-06-03,NDQ,42.44
2024-06-04,NDQ,42.33
2024-06-03,HACK,11.08
2024-06-04,HACK,10.87
2024-06-05,A200,130.09
2024-06-05,AAA,50.11
2024-06-05,BGBL,63.57
2024-06-05,ETHI,14.59
2024-06-05,GEAR,28.22
2024-06-05,GGOV,13.94
2024-06-05,HACK,10.92
2024-06-05,NDQ,42.60
2024-06-05,BBOZ,29.30
2024-06-06,A200,131.05
2024-06-06,AAA,50.11
2024-06-06,BGBL,64.14
2024-06-06,ETHI,14.75
2024-06-06,GEAR,28.70
2024-06-06,GGOV,14.03
2024-06-06,HACK,11.09
2024-06-06,NDQ,43.38
2024-06-06,BBOZ,28.79
2024-06-07,A200,131.74
2024-06-07,AAA,50.13
2024-06-07,BGBL,64.10
2024-06-07,ETHI,14.72
2024-06-07,GEAR,29.01
2024-06-07,GGOV,14.02
2024-06-07,HACK,11.09
2024-06-07,NDQ,43.32
2024-06-07,BBOZ,28.44
2024-06-11,A200,129.94
2024-06-11,AAA,50.15
2024-06-11,BBOZ,29.44
2024-06-11,BGBL,64.58
2024-06-11,ETHI,14.85
2024-06-11,GEAR,28.19
2024-06-11,GGOV,13.74
2024-06-11,HACK,11.32
2024-06-11,NDQ,43.81
2024-06-12,A200,129.29
2024-06-12,AAA,50.14
2024-06-12,BBOZ,29.76
2024-06-12,BGBL,64.45
2024-06-12,ETHI,14.82
2024-06-12,GEAR,27.87
2024-06-12,GGOV,13.86
2024-06-12,HACK,11.33
2024-06-12,NDQ,44.10
2024-06-13,A200,129.89
2024-06-13,AAA,50.15
2024-06-13,BBOZ,29.48
2024-06-13,BGBL,64.71
2024-06-13,ETHI,14.90
2024-06-13,GEAR,28.11
2024-06-13,GGOV,13.95
2024-06-13,HACK,11.46
2024-06-13,NDQ,44.77
2024-06-14,A200,129.45
2024-06-14,AAA,50.16
2024-06-14,BBOZ,29.72
2024-06-14,BGBL,64.75
2024-06-14,ETHI,14.95
2024-06-14,GEAR,27.91
2024-06-14,GGOV,14.12
2024-06-14,HACK,11.42
2024-06-14,NDQ,44.99
2024-06-17,A200,129.08
2024-06-17,AAA,50.18
2024-06-17,BBOZ,29.95
2024-06-17,BGBL,64.83
2024-06-17,ETHI,14.96
2024-06-17,GEAR,27.74
2024-06-17,GGOV,14.20
2024-06-17,HACK,11.41
2024-06-17,NDQ,45.26
2024-06-18,A200,130.24
2024-06-18,AAA,50.19
2024-06-18,BBOZ,29.30
2024-06-18,BGBL,64.98
2024-06-18,ETHI,15.01
2024-06-18,GEAR,28.30
2024-06-18,GGOV,14.11
2024-06-18,HACK,11.47
2024-06-18,NDQ,45.60
2024-06-19,A200,130.14
2024-06-19,AAA,50.18
2024-06-19,BBOZ,29.38
2024-06-19,BGBL,64.81
2024-06-19,ETHI,14.99
2024-06-19,GEAR,28.23
2024-06-19,GGOV,14.23
2024-06-19,HACK,11.33
2024-06-19,NDQ,45.36
2024-06-20,A200,130.22
2024-06-20,AAA,50.20
2024-06-20,BBOZ,29.43
2024-06-20,BGBL,64.90
2024-06-20,ETHI,15.00
2024-06-20,GEAR,28.17
2024-06-20,GGOV,14.18
2024-06-20,HACK,11.33
2024-06-20,NDQ,45.62
2024-06-21,A200,130.66
2024-06-21,AAA,50.22
2024-06-21,BBOZ,29.20
2024-06-21,BGBL,64.74
2024-06-21,ETHI,14.96
2024-06-21,GEAR,28.42
2024-06-21,GGOV,14.12
2024-06-21,HACK,11.31
2024-06-21,NDQ,45.09
2024-06-24,A200,129.64
2024-06-24,AAA,50.24
2024-06-24,BBOZ,29.72
2024-06-24,BGBL,64.79
2024-06-24,ETHI,14.98
2024-06-24,GEAR,27.93
2024-06-24,GGOV,14.16
2024-06-24,HACK,11.37
2024-06-24,NDQ,45.08
2024-06-25,A200,131.38
2024-06-25,AAA,50.24
2024-06-25,BBOZ,28.85
2024-06-25,BGBL,64.75
2024-06-25,ETHI,14.93
2024-06-25,GEAR,28.71
2024-06-25,GGOV,14.23
2024-06-25,HACK,11.34
2024-06-25,NDQ,44.49
2024-06-26,A200,130.41
2024-06-26,AAA,50.25
2024-06-26,BBOZ,29.35
2024-06-26,BGBL,64.68
2024-06-26,ETHI,14.91
2024-06-26,GEAR,28.30
2024-06-26,GGOV,14.15
2024-06-26,HACK,11.33
2024-06-26,NDQ,44.80
2024-06-27,A200,130.20
2024-06-27,AAA,50.27
2024-06-27,BBOZ,29.49
2024-06-27,BGBL,64.67
2024-06-27,ETHI,14.86
2024-06-27,GEAR,28.17
2024-06-27,GGOV,13.98
2024-06-27,HACK,11.29
2024-06-27,NDQ,44.81
2024-06-28,A200,130.32
2024-06-28,AAA,50.28
2024-06-28,BBOZ,29.40
2024-06-28,BGBL,65.34
2024-06-28,ETHI,15.01
2024-06-28,GEAR,28.27
2024-06-28,GGOV,14.03
2024-06-28,HACK,11.70
2024-06-28,NDQ,45.51
2024-07-01,A200,129.25
2024-07-01,AAA,50.10
2024-07-01,BBOZ,29.58
2024-07-01,BGBL,64.36
2024-07-01,ETHI,14.63
2024-07-01,GEAR,28.03
2024-07-01,GGOV,13.70
2024-07-01,HACK,11.60
2024-07-01,NDQ,44.03
2024-07-02,A200,128.70
2024-07-02,AAA,50.11
2024-07-02,BBOZ,29.86
2024-07-02,BGBL,64.40
2024-07-02,ETHI,14.57
2024-07-02,GEAR,27.78
2024-07-02,GGOV,13.59
2024-07-02,HACK,11.62
2024-07-02,NDQ,44.24
2024-07-03,A200,129.02
2024-07-03,AAA,50.12
2024-07-03,BBOZ,29.71
2024-07-03,BGBL,64.54
2024-07-03,ETHI,14.63
2024-07-03,GEAR,27.92
2024-07-03,GGOV,13.59
2024-07-03,HACK,11.63
2024-07-03,NDQ,44.59
2024-07-04,A200,130.63
2024-07-04,AAA,50.14
2024-07-04,BBOZ,28.89
2024-07-04,BGBL,64.51
2024-07-04,ETHI,14.56
2024-07-04,GEAR,28.65
2024-07-04,GGOV,13.72
2024-07-04,HACK,11.63
2024-07-04,NDQ,44.64
2024-07-05,A200,130.45
2024-07-05,AAA,50.15
2024-07-05,BBOZ,29.00
2024-07-05,BGBL,64.53
2024-07-05,ETHI,14.54
2024-07-05,GEAR,28.54
2024-07-05,GGOV,13.74
2024-07-05,HACK,11.63
2024-07-05,NDQ,44.57
2024-07-08,A200,129.45
2024-07-08,AAA,50.14
2024-07-08,BBOZ,29.52
2024-07-08,BGBL,64.41
2024-07-08,ETHI,14.50
2024-07-08,GEAR,28.10
2024-07-08,GGOV,13.84
2024-07-08,HACK,11.60
2024-07-08,NDQ,44.86
2024-07-09,A200,130.45
2024-07-09,AAA,50.15
2024-07-09,BBOZ,28.97
2024-07-09,BGBL,64.78
2024-07-09,ETHI,14.59
2024-07-09,GEAR,28.55
2024-07-09,GGOV,13.89
2024-07-09,HACK,11.64
2024-07-09,NDQ,45.17
2024-07-10,A200,130.31
2024-07-10,AAA,50.16
2024-07-10,BBOZ,29.11
2024-07-10,BGBL,64.59
2024-07-10,ETHI,14.55
2024-07-10,GEAR,28.46
2024-07-10,GGOV,13.86
2024-07-10,HACK,11.52
2024-07-10,NDQ,45.11
2024-07-11,A200,131.55
2024-07-11,AAA,50.17
2024-07-11,BBOZ,28.46
2024-07-11,BGBL,65.12
2024-07-11,ETHI,14.66
2024-07-11,GEAR,29.03
2024-07-11,GGOV,13.87
2024-07-11,HACK,11.49
2024-07-11,NDQ,45.38
2024-07-12,A200,132.67
2024-07-12,AAA,50.19
2024-07-12,BBOZ,27.86
2024-07-12,BGBL,64.70
2024-07-12,ETHI,14.58
2024-07-12,GEAR,29.55
2024-07-12,GGOV,14.03
2024-07-12,HACK,11.52
2024-07-12,NDQ,44.34
2024-07-15,A200,133.71
2024-07-15,AAA,100.38
2024-07-15,BBOZ,27.33
2024-07-15,BGBL,65.15
2024-07-15,ETHI,14.72
2024-07-15,GEAR,30.02
2024-07-15,GGOV,13.93
2024-07-15,HACK,11.67
2024-07-15,NDQ,44.77
2024-07-16,A200,133.39
2024-07-16,AAA,100.40
2024-07-16,BBOZ,27.49
2024-07-16,BGBL,65.45
2024-07-16,ETHI,14.82
2024-07-16,GEAR,29.89
2024-07-16,GGOV,14.00
2024-07-16,HACK,11.75
2024-07-16,NDQ,45.07
2024-07-17,A200,134.43
2024-07-17,AAA,100.42
2024-07-17,BBOZ,26.97
2024-07-17,BGBL,65.68
2024-07-17,ETHI,14.90
2024-07-17,GEAR,30.34
2024-07-17,GGOV,14.10
2024-07-17,HACK,11.78
2024-07-17,NDQ,44.77
2024-07-18,A200,133.93
2024-07-18,AAA,100.44
2024-07-18,BBOZ,27.23
2024-07-18,BGBL,65.19
2024-07-18,ETHI,14.73
2024-07-18,GEAR,30.12
2024-07-18,GGOV,14.09
2024-07-18,HACK,11.63
2024-07-18,NDQ,43.86
2024-07-19,A200,132.93
2024-07-19,AAA,100.44
2024-07-19,BBOZ,27.85
2024-07-19,BGBL,64.97
2024-07-19,ETHI,14.63
2024-07-19,GEAR,29.61
2024-07-19,GGOV,14.02
2024-07-19,HACK,11.60
2024-07-19,NDQ,43.89
2024-07-22,A200,132.22
2024-07-22,AAA,100.46
2024-07-22,BBOZ,28.21
2024-07-22,BGBL,64.93
2024-07-22,ETHI,14.60
2024-07-22,GEAR,29.31
2024-07-22,GGOV,14.00
2024-07-22,HACK,11.49
2024-07-22,NDQ,43.74
2024-07-23,A200,133.04
2024-07-23,AAA,100.50
2024-07-23,BBOZ,27.83
2024-07-23,BGBL,65.67
2024-07-23,ETHI,14.81
2024-07-23,GEAR,29.64
2024-07-23,GGOV,13.94
2024-07-23,HACK,11.50
2024-07-23,NDQ,44.24
2024-07-24,A200,132.75
2024-07-24,AAA,100.50
2024-07-24,BBOZ,27.97
2024-07-24,BGBL,65.68
2024-07-24,ETHI,14.77
2024-07-24,GEAR,29.51
2024-07-24,GGOV,13.91
2024-07-24,HACK,11.59
2024-07-24,NDQ,44.13
2024-07-25,A200,131.07
2024-07-25,AAA,100.52
2024-07-25,BBOZ,28.88
2024-07-25,BGBL,65.08
2024-07-25,ETHI,14.62
2024-07-25,GEAR,28.74
2024-07-25,GGOV,13.75
2024-07-25,HACK,11.46
2024-07-25,NDQ,43.16
2024-07-26,A200,132.08
2024-07-26,AAA,100.56
2024-07-26,BBOZ,28.39
2024-07-26,BGBL,64.96
2024-07-26,ETHI,14.60
2024-07-26,GEAR,29.19
2024-07-26,GGOV,13.87
2024-07-26,HACK,11.53
2024-07-26,NDQ,42.95
2024-07-29,A200,133.18
2024-07-29,AAA,100.54
2024-07-29,BBOZ,27.80
2024-07-29,BGBL,65.81
2024-07-29,ETHI,14.79
2024-07-29,GEAR,29.69
2024-07-29,GGOV,13.99
2024-07-29,HACK,11.58
2024-07-29,NDQ,43.44
2024-07-30,A200,132.61
2024-07-30,AAA,100.58
2024-07-30,BBOZ,28.12
2024-07-30,BGBL,65.42
2024-07-30,ETHI,14.75
2024-07-30,GEAR,29.40
2024-07-30,GGOV,14.02
2024-07-30,HACK,11.55
2024-07-30,NDQ,43.17
2024-07-31,A200,134.95
2024-07-31,AAA,100.56
2024-07-31,BBOZ,26.93
2024-07-31,BGBL,66.33
2024-07-31,ETHI,15.00
2024-07-31,GEAR,30.48
2024-07-31,GGOV,14.08
2024-07-31,HACK,11.67
2024-07-31,NDQ,43.56
2024-08-01,A200,135.37
2024-08-01,AAA,100.22
2024-08-01,BBOZ,26.71
2024-08-01,BGBL,66.66
2024-08-01,ETHI,15.04
2024-08-01,GEAR,30.68
2024-08-01,GGOV,14.25
2024-08-01,HACK,11.67
2024-08-01,NDQ,44.35
2024-08-02,A200,132.31
2024-08-02,AAA,100.24
2024-08-02,BBOZ,28.31
2024-08-02,BGBL,64.89
2024-08-02,ETHI,14.65
2024-08-02,GEAR,29.29
2024-08-02,GGOV,14.46
2024-08-02,HACK,11.36
2024-08-02,NDQ,42.46
2024-08-05,A200,127.61
2024-08-05,AAA,100.22
2024-08-05,BBOZ,30.89
2024-08-05,BGBL,63.12
2024-08-05,ETHI,14.28
2024-08-05,GEAR,27.07
2024-08-05,GGOV,14.90
2024-08-05,HACK,10.81
2024-08-05,NDQ,40.47
2024-08-06,A200,128.17
2024-08-06,AAA,100.24
2024-08-06,BBOZ,30.58
2024-08-06,BGBL,63.32
2024-08-06,ETHI,14.30
2024-08-06,GEAR,27.32
2024-08-06,GGOV,14.76
2024-08-06,HACK,11.05
2024-08-06,NDQ,41.48
2024-08-07,A200,128.45
2024-08-07,AAA,100.28
2024-08-07,BBOZ,30.43
2024-08-07,BGBL,63.14
2024-08-07,ETHI,14.22
2024-08-07,GEAR,27.42
2024-08-07,GGOV,14.58
2024-08-07,HACK,11.06
2024-08-07,NDQ,41.35
2024-08-08,A200,127.91
2024-08-08,AAA,100.30
2024-08-08,BBOZ,30.66
2024-08-08,BGBL,62.45
2024-08-08,ETHI,14.01
2024-08-08,GEAR,27.25
2024-08-08,GGOV,14.51
2024-08-08,HACK,10.97
2024-08-08,NDQ,40.49
2024-08-09,A200,129.75
2024-08-09,AAA,100.30
2024-08-09,BBOZ,29.79
2024-08-09,BGBL,63.33
2024-08-09,ETHI,14.22
2024-08-09,GEAR,28.05
2024-08-09,GGOV,14.42
2024-08-09,HACK,11.29
2024-08-09,NDQ,41.49
2024-08-12,A200,130.37
2024-08-12,AAA,100.32
2024-08-12,BBOZ,29.49
2024-08-12,BGBL,63.77
2024-08-12,ETHI,14.34
2024-08-12,GEAR,28.28
2024-08-12,GGOV,14.51
2024-08-12,HACK,11.47
2024-08-12,NDQ,41.83
2024-08-13,A200,130.46
2024-08-13,AAA,100.34
2024-08-13,BBOZ,29.42
2024-08-13,BGBL,63.87
2024-08-13,ETHI,14.35
2024-08-13,GEAR,28.34
2024-08-13,GGOV,14.54
2024-08-13,HACK,11.38
2024-08-13,NDQ,41.94
2024-08-14,A200,130.98
2024-08-14,AAA,100.36
2024-08-14,BBOZ,29.18
2024-08-14,BGBL,64.34
2024-08-14,ETHI,14.53
2024-08-14,GEAR,28.54
2024-08-14,GGOV,14.65
2024-08-14,HACK,11.50
2024-08-14,NDQ,42.65
2024-08-15,A200,131.28
2024-08-15,AAA,100.38
2024-08-15,BBOZ,29.02
2024-08-15,BGBL,64.86
2024-08-15,ETHI,14.66
2024-08-15,GEAR,28.68
2024-08-15,GGOV,14.74
2024-08-15,HACK,11.71
2024-08-15,NDQ,42.85
2024-08-16,A200,132.87
2024-08-16,AAA,100.40
2024-08-16,BBOZ,28.15
2024-08-16,BGBL,65.83
2024-08-16,ETHI,14.89
2024-08-16,GEAR,29.47
2024-08-16,GGOV,14.62
2024-08-16,HACK,11.89
2024-08-16,NDQ,43.87
2024-08-19,A200,133.20
2024-08-19,AAA,100.42
2024-08-19,BBOZ,28.05
2024-08-19,BGBL,65.29
2024-08-19,ETHI,14.77
2024-08-19,GEAR,29.54
2024-08-19,GGOV,14.69
2024-08-19,HACK,11.80
2024-08-19,NDQ,43.33
2024-08-20,A200,133.47
2024-08-20,AAA,100.44
2024-08-20,BBOZ,27.93
2024-08-20,BGBL,65.63
2024-08-20,ETHI,14.81
2024-08-20,GEAR,29.67
2024-08-20,GGOV,14.66
2024-08-20,HACK,11.93
2024-08-20,NDQ,43.78
2024-08-21,A200,133.80
2024-08-21,AAA,100.44
2024-08-21,BBOZ,27.71
2024-08-21,BGBL,65.33
2024-08-21,ETHI,14.77
2024-08-21,GEAR,29.88
2024-08-21,GGOV,14.86
2024-08-21,HACK,11.91
2024-08-21,NDQ,43.53
2024-08-22,A200,134.27
2024-08-22,AAA,100.47
2024-08-22,BBOZ,27.55
2024-08-22,BGBL,65.58
2024-08-22,ETHI,14.80
2024-08-22,GEAR,30.08
2024-08-22,GGOV,14.82
2024-08-22,HACK,11.96
2024-08-22,NDQ,43.70
2024-08-23,A200,134.15
2024-08-23,AAA,100.50
2024-08-23,BBOZ,27.57
2024-08-23,BGBL,65.66
2024-08-23,ETHI,14.80
2024-08-23,GEAR,29.98
2024-08-23,GGOV,14.74
2024-08-23,HACK,11.90
2024-08-23,NDQ,43.35
2024-08-26,A200,135.24
2024-08-26,AAA,100.50
2024-08-26,BBOZ,27.06
2024-08-26,BGBL,65.50
2024-08-26,ETHI,14.76
2024-08-26,GEAR,30.48
2024-08-26,GGOV,14.80
2024-08-26,HACK,11.90
2024-08-26,NDQ,43.29
2024-08-27,A200,135.03
2024-08-27,AAA,100.50
2024-08-27,BBOZ,27.20
2024-08-27,BGBL,65.30
2024-08-27,ETHI,14.72
2024-08-27,GEAR,30.36
2024-08-27,GGOV,14.74
2024-08-27,HACK,11.81
2024-08-27,NDQ,42.78
2024-08-28,A200,134.96
2024-08-28,AAA,100.50
2024-08-28,BBOZ,27.17
2024-08-28,BGBL,65.42
2024-08-28,ETHI,14.79
2024-08-28,GEAR,30.40
2024-08-28,GGOV,14.74
2024-08-28,HACK,11.84
2024-08-28,NDQ,42.83
2024-08-29,A200,134.74
2024-08-29,AAA,100.54
2024-08-29,BBOZ,27.37
2024-08-29,BGBL,64.91
2024-08-29,ETHI,14.64
2024-08-29,GEAR,30.26
2024-08-29,GGOV,14.72
2024-08-29,HACK,11.66
2024-08-29,NDQ,42.05
2024-08-30,A200,135.53
2024-08-30,AAA,100.58
2024-08-30,BBOZ,26.99
2024-08-30,BGBL,65.19
2024-08-30,ETHI,14.74
2024-08-30,GEAR,30.60
2024-08-30,GGOV,14.67
2024-08-30,HACK,11.81
2024-08-30,NDQ,42.43
2024-09-02,A200,27.17
2024-09-02,AAA,100.22
2024-09-02,BBOZ,26.84
2024-09-02,BGBL,65.73
2024-09-02,ETHI,14.87
2024-09-02,GEAR,30.73
2024-09-02,GGOV,14.54
2024-09-02,HACK,11.93
2024-09-02,NDQ,42.87
2024-09-03,A200,27.18
2024-09-03,AAA,100.24
2024-09-03,BBOZ,26.83
2024-09-03,BGBL,66.03
2024-09-03,ETHI,14.91
2024-09-03,GEAR,30.74
2024-09-03,GGOV,14.53
2024-09-03,HACK,11.99
2024-09-03,NDQ,43.02
2024-09-04,A200,26.69
2024-09-04,AAA,100.24
2024-09-04,BBOZ,28.12
2024-09-04,BGBL,64.80
2024-09-04,ETHI,14.62
2024-09-04,GEAR,29.61
2024-09-04,GGOV,14.74
2024-09-04,HACK,11.62
2024-09-04,NDQ,41.75
2024-09-05,A200,26.80
2024-09-05,AAA,100.28
2024-09-05,BBOZ,27.81
2024-09-05,BGBL,64.78
2024-09-05,ETHI,14.59
2024-09-05,GEAR,29.95
2024-09-05,GGOV,14.92
2024-09-05,HACK,11.57
2024-09-05,NDQ,41.77
2024-09-06,A200,26.92
2024-09-06,AAA,100.30
2024-09-06,BBOZ,27.51
2024-09-06,BGBL,64.56
2024-09-06,ETHI,14.52
2024-09-06,GEAR,30.16
2024-09-06,GGOV,15.03
2024-09-06,HACK,11.43
2024-09-06,NDQ,41.58
2024-09-09,A200,26.84
2024-09-09,AAA,100.32
2024-09-09,BBOZ,27.73
2024-09-09,BGBL,64.37
2024-09-09,ETHI,14.52
2024-09-09,GEAR,29.94
2024-09-09,GGOV,14.95
2024-09-09,HACK,11.35
2024-09-09,NDQ,41.29
2024-09-10,A200,26.97
2024-09-10,AAA,100.30
2024-09-10,BBOZ,27.52
2024-09-10,BGBL,64.64
2024-09-10,ETHI,14.56
2024-09-10,GEAR,30.18
2024-09-10,GGOV,15.07
2024-09-10,HACK,11.33
2024-09-10,NDQ,41.45
2024-09-11,A200,26.87
2024-09-11,AAA,100.34
2024-09-11,BBOZ,27.75
2024-09-11,BGBL,64.75
2024-09-11,ETHI,14.58
2024-09-11,GEAR,29.94
2024-09-11,GGOV,15.25
2024-09-11,HACK,11.41
2024-09-11,NDQ,41.83
2024-09-12,A200,27.26
2024-09-12,AAA,100.38
2024-09-12,BBOZ,26.82
2024-09-12,BGBL,65.53
2024-09-12,ETHI,14.75
2024-09-12,GEAR,30.80
2024-09-12,GGOV,15.13
2024-09-12,HACK,11.56
2024-09-12,NDQ,42.90
2024-09-13,A200,27.33
2024-09-13,AAA,100.38
2024-09-13,BBOZ,26.60
2024-09-13,BGBL,65.56
2024-09-13,ETHI,14.72
2024-09-13,GEAR,30.99
2024-09-13,GGOV,15.16
2024-09-13,HACK,11.68
2024-09-13,NDQ,42.96
2024-09-16,A200,27.39
2024-09-16,AAA,100.40
2024-09-16,BBOZ,26.43
2024-09-16,BGBL,65.84
2024-09-16,ETHI,14.79
2024-09-16,GEAR,31.15
2024-09-16,GGOV,15.14
2024-09-16,HACK,11.74
2024-09-16,NDQ,43.08
2024-09-17,A200,27.47
2024-09-17,AAA,100.40
2024-09-17,BBOZ,26.22
2024-09-17,BGBL,65.79
2024-09-17,ETHI,14.74
2024-09-17,GEAR,31.40
2024-09-17,GGOV,15.23
2024-09-17,HACK,11.73
2024-09-17,NDQ,42.76
2024-09-18,A200,27.47
2024-09-18,AAA,100.42
2024-09-18,BBOZ,26.22
2024-09-18,BGBL,65.56
2024-09-18,ETHI,14.73
2024-09-18,GEAR,31.30
2024-09-18,GGOV,15.19
2024-09-18,HACK,11.63
2024-09-18,NDQ,42.74
2024-09-19,A200,27.64
2024-09-19,AAA,100.46
2024-09-19,BBOZ,25.89
2024-09-19,BGBL,65.60
2024-09-19,ETHI,14.75
2024-09-19,GEAR,31.71
2024-09-19,GGOV,15.00
2024-09-19,HACK,11.62
2024-09-19,NDQ,42.92
2024-09-20,A200,27.66
2024-09-20,AAA,100.46
2024-09-20,BBOZ,25.78
2024-09-20,BGBL,65.89
2024-09-20,ETHI,14.81
2024-09-20,GEAR,31.75
2024-09-20,GGOV,14.97
2024-09-20,HACK,11.66
2024-09-20,NDQ,43.18
2024-09-23,A200,27.53
2024-09-23,AAA,100.47
2024-09-23,BBOZ,26.19
2024-09-23,BGBL,65.80
2024-09-23,ETHI,14.74
2024-09-23,GEAR,31.33
2024-09-23,GGOV,14.84
2024-09-23,HACK,11.86
2024-09-23,NDQ,43.28
2024-09-24,A200,27.50
2024-09-24,AAA,100.50
2024-09-24,BBOZ,26.26
2024-09-24,BGBL,65.76
2024-09-24,ETHI,14.70
2024-09-24,GEAR,31.28
2024-09-24,GGOV,14.81
2024-09-24,HACK,11.85
2024-09-24,NDQ,43.22
2024-09-25,A200,27.40
2024-09-25,AAA,100.50
2024-09-25,BBOZ,26.41
2024-09-25,BGBL,65.43
2024-09-25,ETHI,14.61
2024-09-25,GEAR,31.08
2024-09-25,GGOV,14.84
2024-09-25,HACK,11.75
2024-09-25,NDQ,43.02
2024-09-26,A200,27.70
2024-09-26,AAA,100.52
2024-09-26,BBOZ,25.81
2024-09-26,BGBL,66.06
2024-09-26,ETHI,14.75
2024-09-26,GEAR,31.78
2024-09-26,GGOV,14.74
2024-09-26,HACK,11.80
2024-09-26,NDQ,43.81
2024-09-27,A200,27.72
2024-09-27,AAA,100.54
2024-09-27,BBOZ,25.77
2024-09-27,BGBL,66.02
2024-09-27,ETHI,14.77
2024-09-27,GEAR,31.87
2024-09-27,GGOV,14.77
2024-09-27,HACK,11.76
2024-09-27,NDQ,43.46
2024-09-30,A200,27.89
2024-09-30,AAA,100.54
2024-09-30,BBOZ,25.43
2024-09-30,BGBL,65.28
2024-09-30,ETHI,14.57
2024-09-30,GEAR,32.19
2024-09-30,GGOV,14.81
2024-09-30,HACK,11.60
2024-09-30,NDQ,42.81
2024-10-01,A200,27.44
2024-10-01,AAA,100.20
2024-10-01,BBOZ,25.82
2024-10-01,BGBL,65.48
2024-10-01,ETHI,14.63
2024-10-01,GEAR,31.72
2024-10-01,GGOV,14.67
2024-10-01,HACK,11.63
2024-10-01,NDQ,42.99
2024-10-02,A200,27.40
2024-10-02,AAA,100.22
2024-10-02,BBOZ,25.92
2024-10-02,BGBL,65.20
2024-10-02,ETHI,14.52
2024-10-02,GEAR,31.62
2024-10-02,GGOV,14.77
2024-10-02,HACK,11.50
2024-10-02,NDQ,42.54
2024-10-03,A200,27.42
2024-10-03,AAA,100.24
2024-10-03,BBOZ,25.88
2024-10-03,BGBL,65.26
2024-10-03,ETHI,14.59
2024-10-03,GEAR,31.75
2024-10-03,GGOV,14.66
2024-10-03,HACK,11.62
2024-10-03,NDQ,42.75
2024-10-04,A200,27.23
2024-10-04,AAA,100.26
2024-10-04,BBOZ,26.33
2024-10-04,BGBL,65.48
2024-10-04,ETHI,14.60
2024-10-04,GEAR,31.23
2024-10-04,GGOV,14.54
2024-10-04,HACK,11.77
2024-10-04,NDQ,43.03
2024-10-07,A200,27.42
2024-10-07,AAA,100.28
2024-10-07,BBOZ,25.92
2024-10-07,BGBL,66.26
2024-10-07,ETHI,14.82
2024-10-07,GEAR,31.74
2024-10-07,GGOV,14.34
2024-10-07,HACK,11.94
2024-10-07,NDQ,43.73
2024-10-08,A200,27.33
2024-10-08,AAA,100.28
2024-10-08,BBOZ,26.11
2024-10-08,BGBL,66.39
2024-10-08,ETHI,14.84
2024-10-08,GEAR,31.48
2024-10-08,GGOV,14.27
2024-10-08,HACK,11.92
2024-10-08,NDQ,43.68
2024-10-09,A200,27.36
2024-10-09,AAA,100.30
2024-10-09,BBOZ,26.05
2024-10-09,BGBL,66.68
2024-10-09,ETHI,14.95
2024-10-09,GEAR,31.54
2024-10-09,GGOV,14.24
2024-10-09,HACK,12.08
2024-10-09,NDQ,44.15
2024-10-10,A200,27.48
2024-10-10,AAA,100.32
2024-10-10,BBOZ,25.81
2024-10-10,BGBL,67.22
2024-10-10,ETHI,15.09
2024-10-10,GEAR,31.85
2024-10-10,GGOV,14.16
2024-10-10,HACK,12.37
2024-10-10,NDQ,44.74
2024-10-11,A200,27.46
2024-10-11,AAA,100.34
2024-10-11,BBOZ,25.88
2024-10-11,BGBL,67.13
2024-10-11,ETHI,15.11
2024-10-11,GEAR,31.75
2024-10-11,GGOV,14.11
2024-10-11,HACK,12.52
2024-10-11,NDQ,44.63
2024-10-14,A200,27.55
2024-10-14,AAA,100.36
2024-10-14,BBOZ,25.67
2024-10-14,BGBL,67.50
2024-10-14,ETHI,15.16
2024-10-14,GEAR,32.05
2024-10-14,GGOV,14.00
2024-10-14,HACK,12.61
2024-10-14,NDQ,44.66
2024-10-15,A200,27.82
2024-10-15,AAA,100.36
2024-10-15,BBOZ,25.12
2024-10-15,BGBL,68.26
2024-10-15,ETHI,15.38
2024-10-15,GEAR,32.71
2024-10-15,GGOV,14.09
2024-10-15,HACK,12.65
2024-10-15,NDQ,45.30
2024-10-16,A200,27.71
2024-10-16,AAA,100.36
2024-10-16,BBOZ,25.37
2024-10-16,BGBL,67.86
2024-10-16,ETHI,15.17
2024-10-16,GEAR,32.40
2024-10-16,GGOV,14.24
2024-10-16,HACK,12.60
2024-10-16,NDQ,44.91
2024-10-17,A200,27.89
2024-10-17,AAA,100.40
2024-10-17,BBOZ,24.90
2024-10-17,BGBL,67.86
2024-10-17,ETHI,15.23
2024-10-17,GEAR,33.00
2024-10-17,GGOV,14.26
2024-10-17,HACK,12.59
2024-10-17,NDQ,44.70
2024-10-18,A200,27.69
2024-10-18,AAA,100.42
2024-10-18,BBOZ,25.41
2024-10-18,BGBL,67.92
2024-10-18,ETHI,15.22
2024-10-18,GEAR,32.33
2024-10-18,GGOV,14.02
2024-10-18,HACK,12.61
2024-10-18,NDQ,44.82
2024-10-21,A200,27.92
2024-10-21,AAA,100.44
2024-10-21,BBOZ,25.00
2024-10-21,BGBL,68.16
2024-10-21,ETHI,15.23
2024-10-21,GEAR,32.91
2024-10-21,GGOV,14.08
2024-10-21,HACK,12.59
2024-10-21,NDQ,45.01
2024-10-22,A200,27.44
2024-10-22,AAA,100.46
2024-10-22,BBOZ,26.04
2024-10-22,BGBL,67.99
2024-10-22,ETHI,15.16
2024-10-22,GEAR,31.63
2024-10-22,GGOV,13.76
2024-10-22,HACK,12.57
2024-10-22,NDQ,45.08
2024-10-23,A200,27.47
2024-10-23,AAA,100.46
2024-10-23,BBOZ,25.95
2024-10-23,BGBL,68.03
2024-10-23,ETHI,15.16
2024-10-23,GEAR,31.69
2024-10-23,GGOV,13.75
2024-10-23,HACK,12.57
2024-10-23,NDQ,45.32
2024-10-24,A200,27.46
2024-10-24,AAA,100.48
2024-10-24,BBOZ,26.03
2024-10-24,BGBL,67.93
2024-10-24,ETHI,15.11
2024-10-24,GEAR,31.64
2024-10-24,GGOV,13.81
2024-10-24,HACK,12.40
2024-10-24,NDQ,45.11
2024-10-25,A200,27.47
2024-10-25,AAA,100.52
2024-10-25,BBOZ,26.00
2024-10-25,BGBL,68.15
2024-10-25,ETHI,15.18
2024-10-25,GEAR,31.66
2024-10-25,GGOV,13.93
2024-10-25,HACK,12.54
2024-10-25,NDQ,45.39
2024-10-28,A200,27.50
2024-10-28,AAA,100.50
2024-10-28,BBOZ,25.93
2024-10-28,BGBL,68.85
2024-10-28,ETHI,15.32
2024-10-28,GEAR,31.78
2024-10-28,GGOV,13.74
2024-10-28,HACK,12.70
2024-10-28,NDQ,46.21
2024-10-29,A200,27.57
2024-10-29,AAA,100.52
2024-10-29,BBOZ,25.77
2024-10-29,BGBL,69.02
2024-10-29,ETHI,15.36
2024-10-29,GEAR,32.02
2024-10-29,GGOV,13.73
2024-10-29,HACK,12.73
2024-10-29,NDQ,46.05
2024-10-30,A200,27.35
2024-10-30,AAA,100.56
2024-10-30,BBOZ,26.26
2024-10-30,BGBL,69.33
2024-10-30,ETHI,15.39
2024-10-30,GEAR,31.34
2024-10-30,GGOV,13.79
2024-10-30,HACK,12.83
2024-10-30,NDQ,46.75
2024-10-31,A200,27.24
2024-10-31,AAA,100.58
2024-10-31,BBOZ,26.50
2024-10-31,BGBL,68.52
2024-10-31,ETHI,15.32
2024-10-31,GEAR,31.09
2024-10-31,GGOV,13.84
2024-10-31,HACK,12.64
2024-10-31,NDQ,45.88
2024-11-01,A200,27.13
2024-11-01,AAA,100.22
2024-11-01,BBOZ,26.79
2024-11-01,BGBL,67.66
2024-11-01,ETHI,15.08
2024-11-01,GEAR,30.75
2024-11-01,GGOV,13.89
2024-11-01,HACK,12.45
2024-11-01,NDQ,45.14
2024-11-04,A200,27.29
2024-11-04,AAA,100.24
2024-11-04,BBOZ,26.42
2024-11-04,BGBL,67.70
2024-11-04,ETHI,15.16
2024-11-04,GEAR,31.20
2024-11-04,GGOV,13.81
2024-11-04,HACK,12.38
2024-11-04,NDQ,45.22
2024-11-05,A200,27.18
2024-11-05,AAA,100.24
2024-11-05,BBOZ,26.70
2024-11-05,BGBL,67.57
2024-11-05,ETHI,15.13
2024-11-05,GEAR,30.82
2024-11-05,GGOV,13.81
2024-11-05,HACK,12.40
2024-11-05,NDQ,45.04
2024-11-06,A200,27.42
2024-11-06,AAA,100.25
2024-11-06,BBOZ,26.21
2024-11-06,BGBL,69.30
2024-11-06,ETHI,15.54
2024-11-06,GEAR,31.49
2024-11-06,GGOV,13.61
2024-11-06,HACK,12.87
2024-11-06,NDQ,46.42
2024-11-07,A200,27.51
2024-11-07,AAA,100.28
2024-11-07,BBOZ,26.00
2024-11-07,BGBL,69.19
2024-11-07,ETHI,15.53
2024-11-07,GEAR,31.74
2024-11-07,GGOV,13.56
2024-11-07,HACK,12.95
2024-11-07,NDQ,46.72
2024-11-08,A200,27.76
2024-11-08,AAA,100.30
2024-11-08,BBOZ,25.45
2024-11-08,BGBL,69.33
2024-11-08,ETHI,15.50
2024-11-08,GEAR,32.38
2024-11-08,GGOV,13.72
2024-11-08,HACK,12.93
2024-11-08,NDQ,47.17
2024-11-11,A200,27.64
2024-11-11,AAA,100.30
2024-11-11,BBOZ,25.70
2024-11-11,BGBL,70.11
2024-11-11,ETHI,15.67
2024-11-11,GEAR,32.11
2024-11-11,GGOV,13.74
2024-11-11,HACK,13.20
2024-11-11,NDQ,47.75
2024-11-12,A200,27.65
2024-11-12,AAA,100.34
2024-11-12,BBOZ,25.71
2024-11-12,BGBL,70.44
2024-11-12,ETHI,15.81
2024-11-12,GEAR,32.10
2024-11-12,GGOV,13.84
2024-11-12,HACK,13.36
2024-11-12,NDQ,47.88
2024-11-13,A200,27.46
2024-11-13,AAA,100.33
2024-11-13,BBOZ,26.12
2024-11-13,BGBL,70.22
2024-11-13,ETHI,15.73
2024-11-13,GEAR,31.58
2024-11-13,GGOV,13.58
2024-11-13,HACK,13.41
2024-11-13,NDQ,47.84
2024-11-14,A200,27.59
2024-11-14,AAA,100.38
2024-11-14,BBOZ,25.92
2024-11-14,BGBL,70.87
2024-11-14,ETHI,15.89
2024-11-14,GEAR,31.88
2024-11-14,GGOV,13.41
2024-11-14,HACK,13.49
2024-11-14,NDQ,48.35
2024-11-15,A200,27.76
2024-11-15,AAA,100.40
2024-11-15,BBOZ,25.47
2024-11-15,BGBL,70.52
2024-11-15,ETHI,15.80
2024-11-15,GEAR,32.40
2024-11-15,GGOV,13.50
2024-11-15,HACK,13.14
2024-11-15,NDQ,47.90
2024-11-18,A200,27.85
2024-11-18,AAA,100.38
2024-11-18,BBOZ,25.34
2024-11-18,BGBL,70.07
2024-11-18,ETHI,15.64
2024-11-18,GEAR,32.57
2024-11-18,GGOV,13.48
2024-11-18,HACK,12.94
2024-11-18,NDQ,47.29
2024-11-19,A200,28.08
2024-11-19,AAA,100.42
2024-11-19,BBOZ,24.81
2024-11-19,BGBL,69.90
2024-11-19,ETHI,15.61
2024-11-19,GEAR,33.22
2024-11-19,GGOV,13.54
2024-11-19,HACK,12.83
2024-11-19,NDQ,47.06
2024-11-20,A200,27.90
2024-11-20,AAA,100.42
2024-11-20,BBOZ,25.21
2024-11-20,BGBL,69.87
2024-11-20,ETHI,15.53
2024-11-20,GEAR,32.77
2024-11-20,GGOV,13.56
2024-11-20,HACK,12.91
2024-11-20,NDQ,47.17
2024-11-21,A200,27.90
2024-11-21,AAA,100.46
2024-11-21,BBOZ,25.28
2024-11-21,BGBL,69.67
2024-11-21,ETHI,15.50
2024-11-21,GEAR,32.64
2024-11-21,GGOV,13.57
2024-11-21,HACK,12.87
2024-11-21,NDQ,47.02
2024-11-22,A200,28.14
2024-11-22,AAA,100.48
2024-11-22,BBOZ,24.72
2024-11-22,BGBL,70.32
2024-11-22,ETHI,15.78
2024-11-22,GEAR,33.44
2024-11-22,GGOV,13.54
2024-11-22,HACK,13.29
2024-11-22,NDQ,47.45
2024-11-25,A200,28.22
2024-11-25,AAA,100.50
2024-11-25,BBOZ,24.52
2024-11-25,BGBL,70.70
2024-11-25,ETHI,15.90
2024-11-25,GEAR,33.61
2024-11-25,GGOV,13.67
2024-11-25,HACK,13.30
2024-11-25,NDQ,47.60
2024-11-26,A200,28.02
2024-11-26,AAA,100.48
2024-11-26,BBOZ,24.97
2024-11-26,BGBL,70.83
2024-11-26,ETHI,15.95
2024-11-26,GEAR,33.06
2024-11-26,GGOV,13.84
2024-11-26,HACK,13.33
2024-11-26,NDQ,47.72
2024-11-27,A200,28.17
2024-11-27,AAA,100.50
2024-11-27,BBOZ,24.67
2024-11-27,BGBL,71.31
2024-11-27,ETHI,16.00
2024-11-27,GEAR,33.42
2024-11-27,GGOV,13.85
2024-11-27,HACK,13.38
2024-11-27,NDQ,48.00
2024-11-28,A200,28.30
2024-11-28,AAA,100.56
2024-11-28,BBOZ,24.37
2024-11-28,BGBL,71.27
2024-11-28,ETHI,15.98
2024-11-28,GEAR,33.82
2024-11-28,GGOV,13.93
2024-11-28,HACK,13.21
2024-11-28,NDQ,47.65
2024-11-29,A200,28.28
2024-11-29,AAA,100.56
2024-11-29,BBOZ,24.47
2024-11-29,BGBL,71.17
2024-11-29,ETHI,15.99
2024-11-29,GEAR,33.68
2024-11-29,GGOV,13.96
2024-11-29,HACK,13.18
2024-11-29,NDQ,47.61
2024-12-02,A200,28.32
2024-12-02,AAA,100.20
2024-12-02,BBOZ,24.39
2024-12-02,BGBL,71.35
2024-12-02,ETHI,16.01
2024-12-02,GEAR,33.79
2024-12-02,GGOV,14.06
2024-12-02,HACK,13.19
2024-12-02,NDQ,47.83
2024-12-03,A200,28.48
2024-12-03,AAA,100.24
2024-12-03,BBOZ,24.03
2024-12-03,BGBL,72.13
2024-12-03,ETHI,16.20
2024-12-03,GEAR,34.23
2024-12-03,GGOV,14.06
2024-12-03,HACK,13.36
2024-12-03,NDQ,48.66
2024-12-04,A200,28.37
2024-12-04,AAA,100.22
2024-12-04,BBOZ,24.30
2024-12-04,BGBL,72.55
2024-12-04,ETHI,16.28
2024-12-04,GEAR,33.88
2024-12-04,GGOV,13.99
2024-12-04,HACK,13.61
2024-12-04,NDQ,49.19
2024-12-05,A200,28.41
2024-12-05,AAA,100.26
2024-12-05,BBOZ,24.21
2024-12-05,BGBL,72.94
2024-12-05,ETHI,16.35
2024-12-05,GEAR,34.02
2024-12-05,GGOV,14.13
2024-12-05,HACK,13.72
2024-12-05,NDQ,49.62
2024-12-06,A200,28.22
2024-12-06,AAA,100.30
2024-12-06,BBOZ,24.62
2024-12-06,BGBL,72.91
2024-12-06,ETHI,16.32
2024-12-06,GEAR,33.55
2024-12-06,GGOV,14.19
2024-12-06,HACK,13.75
2024-12-06,NDQ,49.58
2024-12-09,A200,28.23
2024-12-09,AAA,100.30
2024-12-09,BBOZ,24.61
2024-12-09,BGBL,73.58
2024-12-09,ETHI,16.41
2024-12-09,GEAR,33.53
2024-12-09,GGOV,14.21
2024-12-09,HACK,13.90
2024-12-09,NDQ,50.33
2024-12-10,A200,28.15
2024-12-10,AAA,100.30
2024-12-10,BBOZ,24.85
2024-12-10,BGBL,73.17
2024-12-10,ETHI,16.32
2024-12-10,GEAR,33.27
2024-12-10,GGOV,14.08
2024-12-10,HACK,13.73
2024-12-10,NDQ,49.92
2024-12-11,A200,28.01
2024-12-11,AAA,100.32
2024-12-11,BBOZ,25.13
2024-12-11,BGBL,73.17
2024-12-11,ETHI,16.27
2024-12-11,GEAR,32.90
2024-12-11,GGOV,13.95
2024-12-11,HACK,13.66
2024-12-11,NDQ,49.94
2024-12-12,A200,27.95
2024-12-12,AAA,100.36
2024-12-12,BBOZ,25.34
2024-12-12,BGBL,73.12
2024-12-12,ETHI,16.20
2024-12-12,GEAR,32.69
2024-12-12,GGOV,13.80
2024-12-12,HACK,13.76
2024-12-12,NDQ,50.36
2024-12-13,A200,27.83
2024-12-13,AAA,100.38
2024-12-13,BBOZ,25.61
2024-12-13,BGBL,73.33
2024-12-13,ETHI,16.17
2024-12-13,GEAR,32.33
2024-12-13,GGOV,13.69
2024-12-13,HACK,13.99
2024-12-13,NDQ,50.66
2024-12-16,A200,27.67
2024-12-16,AAA,100.38
2024-12-16,BBOZ,25.98
2024-12-16,BGBL,73.15
2024-12-16,ETHI,16.13
2024-12-16,GEAR,31.87
2024-12-16,GGOV,13.60
2024-12-16,HACK,14.07
2024-12-16,NDQ,50.79
2024-12-17,A200,27.90
2024-12-17,AAA,100.40
2024-12-17,BBOZ,25.43
2024-12-17,BGBL,73.48
2024-12-17,ETHI,16.14
2024-12-17,GEAR,32.52
2024-12-17,GGOV,13.60
2024-12-17,HACK,14.45
2024-12-17,NDQ,51.74
2024-12-18,A200,27.86
2024-12-18,AAA,100.42
2024-12-18,BBOZ,25.45
2024-12-18,BGBL,73.83
2024-12-18,ETHI,16.19
2024-12-18,GEAR,32.42
2024-12-18,GGOV,13.64
2024-12-18,HACK,14.39
2024-12-18,NDQ,51.88
2024-12-19,A200,27.41
2024-12-19,AAA,100.46
2024-12-19,BBOZ,26.61
2024-12-19,BGBL,72.78
2024-12-19,ETHI,15.98
2024-12-19,GEAR,31.12
2024-12-19,GGOV,13.38
2024-12-19,HACK,13.86
2024-12-19,NDQ,50.65
2024-12-20,A200,27.05
2024-12-20,AAA,100.48
2024-12-20,BBOZ,27.39
2024-12-20,BGBL,72.29
2024-12-20,ETHI,15.92
2024-12-20,GEAR,30.22
2024-12-20,GGOV,13.26
2024-12-20,HACK,13.82
2024-12-20,NDQ,50.12
2024-12-23,A200,27.51
2024-12-23,AAA,100.48
2024-12-23,BBOZ,26.42
2024-12-23,BGBL,73.08
2024-12-23,ETHI,16.09
2024-12-23,GEAR,31.42
2024-12-23,GGOV,13.29
2024-12-23,HACK,14.01
2024-12-23,NDQ,50.95
2024-12-24,A200,27.57
2024-12-24,AAA,100.52
2024-12-24,BBOZ,26.28
2024-12-24,BGBL,73.49
2024-12-24,ETHI,16.18
2024-12-24,GEAR,31.58
2024-12-24,GGOV,13.19
2024-12-24,HACK,14.14
2024-12-24,NDQ,51.36
2024-12-27,A200,27.71
2024-12-27,AAA,100.56
2024-12-27,BBOZ,26.00
2024-12-27,BGBL,74.29
2024-12-27,ETHI,16.41
2024-12-27,GEAR,31.93
2024-12-27,GGOV,13.25
2024-12-27,HACK,14.38
2024-12-27,NDQ,52.04
2024-12-30,A200,27.65
2024-12-30,AAA,100.58
2024-12-30,BBOZ,26.20
2024-12-30,BGBL,73.50
2024-12-30,ETHI,16.26
2024-12-30,GEAR,31.74
2024-12-30,GGOV,13.11
2024-12-30,HACK,14.07
2024-12-30,NDQ,51.15
2024-12-31,A200,27.42
2024-12-31,AAA,100.58
2024-12-31,BBOZ,26.76
2024-12-31,BGBL,73.05
2024-12-31,ETHI,16.10
2024-12-31,GEAR,31.07
2024-12-31,GGOV,13.29
2024-12-31,HACK,14.02
2024-12-31,NDQ,50.75
2025-01-02,A200,27.27
2025-01-02,AAA,100.24
2025-01-02,BBOZ,26.51
2025-01-02,BGBL,72.78
2025-01-02,ETHI,16.14
2025-01-02,GEAR,31.10
2025-01-02,GGOV,13.06
2025-01-02,HACK,14.05
2025-01-02,NDQ,50.58
2025-01-03,A200,27.44
2025-01-03,AAA,100.24
2025-01-03,BBOZ,26.13
2025-01-03,BGBL,72.47
2025-01-03,ETHI,16.07
2025-01-03,GEAR,31.57
2025-01-03,GGOV,13.14
2025-01-03,HACK,14.00
2025-01-03,NDQ,50.28
2025-01-06,A200,27.45
2025-01-06,AAA,100.24
2025-01-06,BBOZ,26.13
2025-01-06,BGBL,73.02
2025-01-06,ETHI,16.17
2025-01-06,GEAR,31.49
2025-01-06,GGOV,12.99
2025-01-06,HACK,14.10
2025-01-06,NDQ,50.97
2025-01-07,A200,27.54
2025-01-07,AAA,100.28
2025-01-07,BBOZ,25.94
2025-01-07,BGBL,73.11
2025-01-07,ETHI,16.19
2025-01-07,GEAR,31.82
2025-01-07,GGOV,12.99
2025-01-07,HACK,14.05
2025-01-07,NDQ,51.13
2025-01-08,A200,27.77
2025-01-08,AAA,100.28
2025-01-08,BBOZ,25.45
2025-01-08,BGBL,72.93
2025-01-08,ETHI,16.15
2025-01-08,GEAR,32.41
2025-01-08,GGOV,12.83
2025-01-08,HACK,13.98
2025-01-08,NDQ,50.61
2025-01-09,A200,27.68
2025-01-09,AAA,100.32
2025-01-09,BBOZ,25.66
2025-01-09,BGBL,73.00
2025-01-09,ETHI,16.18
2025-01-09,GEAR,32.19
2025-01-09,GGOV,12.84
2025-01-09,HACK,14.06
2025-01-09,NDQ,50.71
2025-01-10,A200,27.57
2025-01-10,AAA,100.34
2025-01-10,BBOZ,25.92
2025-01-10,BGBL,73.05
2025-01-10,ETHI,16.11
2025-01-10,GEAR,31.92
2025-01-10,GGOV,12.80
2025-01-10,HACK,14.06
2025-01-10,NDQ,50.72
2025-01-13,A200,27.23
2025-01-13,AAA,100.32
2025-01-13,BBOZ,26.68
2025-01-13,BGBL,72.54
2025-01-13,ETHI,16.06
2025-01-13,GEAR,30.92
2025-01-13,GGOV,12.73
2025-01-13,HACK,14.03
2025-01-13,NDQ,50.25
2025-01-14,A200,27.35
2025-01-14,AAA,100.35
2025-01-14,BBOZ,26.40
2025-01-14,BGBL,72.45
2025-01-14,ETHI,16.00
2025-01-14,GEAR,31.29
2025-01-14,GGOV,12.79
2025-01-14,HACK,13.96
2025-01-14,NDQ,50.16
2025-01-15,A200,27.30
2025-01-15,AAA,100.36
2025-01-15,BBOZ,26.52
2025-01-15,BGBL,72.29
2025-01-15,ETHI,16.02
2025-01-15,GEAR,31.12
2025-01-15,GGOV,12.75
2025-01-15,HACK,14.01
2025-01-15,NDQ,49.89
2025-01-16,A200,27.67
2025-01-16,AAA,100.40
2025-01-16,BBOZ,25.72
2025-01-16,BGBL,73.36
2025-01-16,ETHI,16.24
2025-01-16,GEAR,32.13
2025-01-16,GGOV,12.96
2025-01-16,HACK,14.16
2025-01-16,NDQ,50.86
2025-01-17,A200,27.63
2025-01-17,AAA,100.40
2025-01-17,BBOZ,25.83
2025-01-17,BGBL,73.52
2025-01-17,ETHI,16.31
2025-01-17,GEAR,32.00
2025-01-17,GGOV,12.99
2025-01-17,HACK,14.22
2025-01-17,NDQ,50.66
2025-01-20,A200,27.75
2025-01-20,AAA,100.42
2025-01-20,BBOZ,25.56
2025-01-20,BGBL,73.94
2025-01-20,ETHI,16.35
2025-01-20,GEAR,32.29
2025-01-20,GGOV,12.99
2025-01-20,HACK,14.20
2025-01-20,NDQ,51.26
2025-01-21,A200,27.92
2025-01-21,AAA,100.44
2025-01-21,BBOZ,25.19
2025-01-21,BGBL,73.75
2025-01-21,ETHI,16.29
2025-01-21,GEAR,32.75
2025-01-21,GGOV,13.15
2025-01-21,HACK,14.17
2025-01-21,NDQ,51.07
2025-01-22,A200,28.03
2025-01-22,AAA,100.44
2025-01-22,BBOZ,24.95
2025-01-22,BGBL,74.31
2025-01-22,ETHI,16.40
2025-01-22,GEAR,33.06
2025-01-22,GGOV,13.08
2025-01-22,HACK,14.45
2025-01-22,NDQ,51.52
2025-01-23,A200,27.84
2025-01-23,AAA,100.50
2025-01-23,BBOZ,25.36
2025-01-23,BGBL,74.32
2025-01-23,ETHI,16.42
2025-01-23,GEAR,32.56
2025-01-23,GGOV,13.06
2025-01-23,HACK,14.55
2025-01-23,NDQ,51.67
2025-01-24,A200,27.96
2025-01-24,AAA,100.50
2025-01-24,BBOZ,25.13
2025-01-24,BGBL,74.40
2025-01-24,ETHI,16.42
2025-01-24,GEAR,32.86
2025-01-24,GGOV,13.00
2025-01-24,HACK,14.41
2025-01-24,NDQ,51.45
2025-01-28,A200,27.92
2025-01-28,AAA,100.52
2025-01-28,BBOZ,25.24
2025-01-28,BGBL,74.14
2025-01-28,ETHI,16.31
2025-01-28,GEAR,32.74
2025-01-28,GGOV,13.16
2025-01-28,HACK,14.25
2025-01-28,NDQ,50.33
2025-01-29,A200,28.10
2025-01-29,AAA,100.52
2025-01-29,BBOZ,24.89
2025-01-29,BGBL,74.85
2025-01-29,ETHI,16.54
2025-01-29,GEAR,33.17
2025-01-29,GGOV,13.21
2025-01-29,HACK,14.77
2025-01-29,NDQ,51.14
2025-01-30,A200,28.24
2025-01-30,AAA,100.56
2025-01-30,BBOZ,24.58
2025-01-30,BGBL,75.02
2025-01-30,ETHI,16.53
2025-01-30,GEAR,33.53
2025-01-30,GGOV,13.21
2025-01-30,HACK,14.72
2025-01-30,NDQ,51.43
2025-01-31,A200,28.38
2025-01-31,AAA,100.58
2025-01-31,BBOZ,24.30
2025-01-31,BGBL,75.39
2025-01-31,ETHI,16.61
2025-01-31,GEAR,33.93
2025-01-31,GGOV,13.15
2025-01-31,HACK,14.82
2025-01-31,NDQ,51.60
2025-02-03,A200,27.85
2025-02-03,AAA,100.20
2025-02-03,BBOZ,25.49
2025-02-03,BGBL,74.42
2025-02-03,ETHI,16.44
2025-02-03,GEAR,32.50
2025-02-03,GGOV,13.23
2025-02-03,HACK,14.61
2025-02-03,NDQ,50.78
2025-02-04,A200,27.84
2025-02-04,AAA,100.24
2025-02-04,BBOZ,25.51
2025-02-04,BGBL,74.60
2025-02-04,ETHI,16.42
2025-02-04,GEAR,32.44
2025-02-04,GGOV,13.14
2025-02-04,HACK,14.77
2025-02-04,NDQ,51.08
2025-02-05,A200,27.98
2025-02-05,AAA,100.22
2025-02-05,BBOZ,25.20
2025-02-05,BGBL,74.28
2025-02-05,ETHI,16.33
2025-02-05,GEAR,32.80
2025-02-05,GGOV,13.26
2025-02-05,HACK,14.88
2025-02-05,NDQ,51.02
2025-02-06,A200,28.30
2025-02-06,AAA,100.28
2025-02-06,BBOZ,24.50
2025-02-06,BGBL,74.94
2025-02-06,ETHI,16.50
2025-02-06,GEAR,33.68
2025-02-06,GGOV,13.44
2025-02-06,HACK,15.09
2025-02-06,NDQ,51.50
2025-02-07,A200,28.29
2025-02-07,AAA,100.30
2025-02-07,BBOZ,24.54
2025-02-07,BGBL,74.80
2025-02-07,ETHI,16.50
2025-02-07,GEAR,33.62
2025-02-07,GGOV,13.47
2025-02-07,HACK,15.10
2025-02-07,NDQ,51.47
2025-02-10,A200,28.18
2025-02-10,AAA,100.28
2025-02-10,BBOZ,24.78
2025-02-10,BGBL,74.57
2025-02-10,ETHI,16.42
2025-02-10,GEAR,33.37
2025-02-10,GGOV,13.37
2025-02-10,HACK,15.16
2025-02-10,NDQ,51.20
2025-02-11,A200,28.21
2025-02-11,AAA,100.32
2025-02-11,BBOZ,24.78
2025-02-11,BGBL,74.65
2025-02-11,ETHI,16.45
2025-02-11,GEAR,33.35
2025-02-11,GGOV,13.33
2025-02-11,HACK,15.33
2025-02-11,NDQ,51.42
2025-02-12,A200,28.36
2025-02-12,AAA,100.32
2025-02-12,BBOZ,24.46
2025-02-12,BGBL,74.62
2025-02-12,ETHI,16.42
2025-02-12,GEAR,33.79
2025-02-12,GGOV,13.23
2025-02-12,HACK,15.20
2025-02-12,NDQ,51.23
2025-02-13,A200,28.39
2025-02-13,AAA,100.36
2025-02-13,BBOZ,24.37
2025-02-13,BGBL,74.80
2025-02-13,ETHI,16.40
2025-02-13,GEAR,33.88
2025-02-13,GGOV,13.10
2025-02-13,HACK,15.43
2025-02-13,NDQ,51.51
2025-02-14,A200,28.46
2025-02-14,AAA,100.38
2025-02-14,BBOZ,24.26
2025-02-14,BGBL,75.10
2025-02-14,ETHI,16.48
2025-02-14,GEAR,34.03
2025-02-14,GGOV,13.28
2025-02-14,HACK,15.36
2025-02-14,NDQ,51.88
2025-02-17,A200,28.35
2025-02-17,AAA,100.38
2025-02-17,BBOZ,24.41
2025-02-17,BGBL,74.64
2025-02-17,ETHI,16.37
2025-02-17,GEAR,33.85
2025-02-17,GGOV,13.31
2025-02-17,HACK,15.35
2025-02-17,NDQ,51.77
2025-02-18,A200,28.20
2025-02-18,AAA,100.40
2025-02-18,BBOZ,24.82
2025-02-18,BGBL,74.87
2025-02-18,ETHI,16.36
2025-02-18,GEAR,33.38
2025-02-18,GGOV,13.26
2025-02-18,HACK,15.43
2025-02-18,NDQ,51.91
2025-02-19,A200,28.01
2025-02-19,AAA,100.40
2025-02-19,BBOZ,25.23
2025-02-19,BGBL,74.89
2025-02-19,ETHI,16.40
2025-02-19,GEAR,32.86
2025-02-19,GGOV,13.19
2025-02-19,HACK,15.40
2025-02-19,NDQ,51.80
2025-02-20,A200,27.71
2025-02-20,AAA,100.44
2025-02-20,BBOZ,25.93
2025-02-20,BGBL,74.66
2025-02-20,ETHI,16.35
2025-02-20,GEAR,32.05
2025-02-20,GGOV,13.24
2025-02-20,HACK,15.24
2025-02-20,NDQ,51.62
2025-02-21,A200,27.63
2025-02-21,AAA,100.44
2025-02-21,BBOZ,26.10
2025-02-21,BGBL,74.12
2025-02-21,ETHI,16.22
2025-02-21,GEAR,31.82
2025-02-21,GGOV,13.31
2025-02-21,HACK,14.89
2025-02-21,NDQ,51.24